タイトル,カテゴリ,説明文,タグ数,YouTube Shorts,公開日
"【富山市】創業1946年！富山の老舗「PAIN D'OR (パンドール)」懐かしくて新しい絶品パンの数々 #shorts",富山市,あり,4,あり,2025-06-28
"【富山市】富山駅前の隠れ家ケーキ店で至福のひととき｜シャルロッテ パティオさくら富山駅前店 #shorts",富山市,あり,4,あり,2025-06-21
"【富山市】午前中に完売！？50個限定の極上ふわふわ食感のどら焼き「ふわどら」が美味しすぎた｜和の心 ぷちろーる #shorts",富山市,あり,3,あり,2025-06-14
"【富山市】まるごとりんごのパリパリ食感！りんご飴専門店「代官山candy apple 富山市 MAROOT店」 #shorts",富山市,あり,3,あり,2025-06-07
"【富山市】エシックスライツ2025 富山城プロジェクションマッピング 城址公園周辺ライトアップ #shorts",富山市,あり,4,あり,2025-05-31
"【高岡市】ブラジル食材がずらり！新湊の「コンビニヤ」をサクッと覗き見 ｜店内ツアー  #shorts",高岡市,あり,3,あり,2025-05-24
"【射水市】海王丸パークをのんびりお散歩 #shorts",射水市,あり,3,あり,2025-05-21
"【富山市】朝9時半オープン、富山市で人気のパン屋さん『バンブス』絶品パンを朝イチでゲット！ #shorts",富山市,あり,4,あり,2025-05-17
"【富山市】明治創業120年以上の老舗！「石谷もちや本店」の柔らかくて甘〜いおだんごが絶品すぎた！ #shorts",富山市,あり,3,あり,2025-05-10
"【滑川市】櫟原(いちはら)神社の池にいる鯉を見ます #shorts",県東部,あり,5,あり,2025-05-07
"【福岡町】平成15年開園！地元民だけが知ってる？鯉だらけの不思議な公園「福岡町鯉の里公園」 #shorts",県西部,あり,5,あり,2025-05-03
"【富山市】毎年4月28日はファミリーパークの開園記念日！動物園内はゆったりとした時間が流れておりました #shorts",富山市,あり,3,あり,2025-04-30
"【砺波市】春旅で癒される「となみ野庄川荘一萬亭」でアクティビティと贅沢ごはんで一泊 #shorts",砺波市,あり,3,あり,2025-04-26
"【福岡町】1000本のソメイヨシノが圧巻！福岡町岸渡川沿いの桜並木通りをお散歩 #shorts",県西部,あり,5,あり,2025-04-19
"【富山市】しあわせを伝えよう！第1回 絵てがみ展 at 高志の国文学館 2025 #shorts",富山市,あり,3,あり,2025-04-12
"【富山市】夜桜とキャンドルの幻想空間「SAKURAナイト」 at 環水公園 2025 #shorts",富山市,あり,5,あり,2025-04-05
"【富山市】反則級においしいサクサク食感の神クレープ”Re.berty”で至福の時間を #shorts",富山市,あり,3,あり,2025-03-22
"【富山市】昇運招福めでたい！富山駅前マルートに『おめで鯛焼き本舗』オープン！ #shorts",富山市,あり,3,あり,2025-03-15
"【立山町】高さ80mの絶景！富山地区広域圏クリーンセンターの展望台から見る雪の田園風景(入館無料) #shorts",県東部,あり,4,あり,2025-03-08
"【富山市】すべて大沢野産！千石町通りの無人野菜直売所ベジスポ #shorts",富山市,あり,3,あり,2025-03-01
"【砺波市】900年の歴史と白蛇伝説が残る桑野神社 #shorts",砺波市,あり,4,あり,2025-02-22
"【立山町】しろえびせんべい工場でおみくじをひいた結果 #shorts",県東部,あり,4,あり,2025-02-15
"【立山町】バレンタインは米菓で決まり！ささら屋立山本店の米菓で新感覚バレンタイン！&#038;ステキな店内 #shorts",県東部,あり,4,あり,2025-02-08
"【高岡市】ケーキ工房 大多喜のケーキがおいしすぎた！ #shorts",高岡市,あり,4,あり,2025-02-01
"【黒部市】冬の夜空を彩る豪華花火ショー！宇奈月温泉冬物語 雪上花火大会 #shorts",県東部,あり,6,あり,2025-01-25
"【南砺市】雪景色が広がる秘境！冬のこきりこの里を散策してみた #shorts",県西部,あり,4,あり,2025-01-11
"【魚津市】ケーキがこの値段！？うれしい価格帯！島崎松月堂 #shorts",県東部,あり,5,あり,2025-01-04
"【魚津市】電鉄魚津駅前の小さなたいやき屋さん「まるきん」で、女将さんが愛情を込めて焼いてくれました #shorts",県東部,あり,4,あり,2024-12-29
"【富山市】無料で利用できる交通安全博物館がちょっとおもしろかった #shorts",富山市,あり,4,あり,2024-12-28
"【富山市】すこし小ぶりなたいやきがかわいい！東富山高校近くの「鯛の陽」でほっこりしました #shorts",富山市,あり,3,あり,2024-12-15
"【高岡市】歴史を感じる国宝勝興寺(しょうこうじ)が厳かで素晴らしかった #shorts",高岡市,あり,4,あり,2024-11-16
"【高岡市】雨晴海岸から立山連峰がキレイに見えました",高岡市,あり,3,あり,2024-11-13
"【高岡市】道の駅雨晴と雨晴海岸と立山連峰と鳥 #shorts",高岡市,あり,3,あり,2024-11-13
"【八尾町】越中八尾観光会館(曳山展示館)で曳山を見てきたよ！文化の日は入館無料！ #shorts",県西部,あり,4,あり,2024-11-09
"【舟橋村】日本一たい焼きがオープン！1匹260円で幸せをいただきました！ #shorts",その他,あり,4,あり,2024-11-03
"【富山市】マンホールのおもしろさに目覚めました「第12回マンホールサミットinとやま」 #shorts",富山市,あり,3,あり,2024-10-27
"【南砺市】ゴンドラに乗って山の頂上へ！山頂から見る景色が素敵だった！IOX-AROSA（イオックス・アローザ） #shorts",県西部,あり,4,あり,2024-10-05
"【富山市】武器屋へ行ってきたよ！&#x2b50;︎ファンタジー武器屋タクミアーマリー&#x2b50;︎EN COS JAPAN 2024 in Toyama",富山市,あり,3,あり,2024-09-07
"【上市町】ミライの種2024 白萩西部小学校 #shorts",県東部,あり,4,あり,2024-09-04
"【婦中町】フルver.「安田城月見の宴」のYOSAKOIが盛り上がりすぎた(縦動画)",富山市,あり,4,あり,2024-08-31
"【婦中町】「安田城月見の宴」のYOSAKOIが盛り上がりすぎた #shorts",富山市,あり,4,あり,2024-08-29
"【砺波市】人手不足で一部ラインが稼働していない「北陸コカ・コーラプロダクツ（株）砺波工場」の工場見学が楽しかった #shorts",砺波市,あり,3,あり,2024-08-27
"【七尾市】ミズクラゲのように｜のとじま水族館 #shorts",その他,あり,4,あり,2024-08-24
"【七尾市】カップル成立 #shorts",その他,あり,4,あり,2024-08-22
"【上市町】ふるさと観光上市まつり2024花火の夕べ(白竜橋周辺) #shorts",県東部,あり,6,あり,2024-08-20
"【高岡市】火生三昧、炎の神アグニ(烏瑟沙摩明王""ウスサマミョウオウ"")国宝瑞龍寺 #shorts",高岡市,あり,4,あり,2024-08-18
"【高岡市】国宝瑞龍寺のライトアップが素敵すぎました #shorts",高岡市,あり,4,あり,2024-08-17
"【婦中町】婦中町長沢スローライフファームのひまわり畑が凄かった！！！ #shorts",富山市,あり,4,あり,2024-08-04
"【射水市】きょうのるりちゃん｜浄蓮寺 #shorts",射水市,あり,4,あり,2024-08-03
"【富山市】156年祭水橋橋まつり花火大会の様子2024.7.27(土) #shorts",富山市,あり,5,あり,2024-07-28
"【高岡市】焼きたてパン「パンドリーム」朝から小麦のイイにおいに誘(いざな)われました #shorts",高岡市,あり,4,あり,2024-07-13
"【高岡市】700年以上の歴史がある臨済宗大本山「國泰寺」が素敵すぎた #shorts",高岡市,あり,4,あり,2024-07-06
"【砺波市】頼成の森「花しょうぶ祭り2024」に癒されました #shorts",砺波市,あり,4,あり,2024-07-03
"【砺波市】砺波駅前の短い飲み屋通りが、なかなかいい雰囲気 #shorts",砺波市,あり,3,あり,2024-06-29
"【砺波市】となみ夜高まつり2024年夜高行燈コンクールが豪華だった！ #shorts",砺波市,あり,4,あり,2024-06-26
"【魚津市】3羽のペンギンの日常｜魚津水族館 #shorts",県東部,あり,4,あり,2024-06-22
"【八尾町】町家で結ぶ「つなぐ－やつお」が素敵すぎた！ (沖縄ではなく八尾です) #shorts",県西部,なし,0,あり,2024-06-15
"【滑川市】花菖蒲(はなしょうぶ)とキャンドルの共演が素敵すぎました｜行田公園キャンドルナイト #shorts",県東部,あり,5,あり,2024-06-12
"【富山市】24時間営業の無人販売店「24スイーツショップ富山店」が甘々すぎました #shorts",富山市,あり,3,あり,2024-06-08
"【砺波市】夜高行燈街練りと庄川峡花火大会｜庄川観光祭2024 #shorts",砺波市,あり,4,あり,2024-06-05
"【婦中町】動植物が無料で楽しめる「田村農園たまご園」が楽しすぎた！ #shorts",富山市,なし,0,あり,2024-06-01
"【魚津市】「魚津朝市」海沿いのしんきろうロードを散歩 2024.5.26 #shorts",県東部,あり,4,あり,2024-05-29
"【魚津市】CHOUROKUまつりのよさこいが素敵でした！ #shorts",県東部,あり,5,あり,2024-05-25
"【上市町】2018年「日本の貴重なコケの森」にも選ばれた大岩千巌渓(おおいわせんがんけい)に癒されました #shorts",県東部,あり,4,あり,2024-05-18
"【射水市】晴天の日の海王丸は人気です #shorts",射水市,あり,3,あり,2024-05-09
"【八尾町】2024.5.3 越中八尾曳山祭 #shorts",県西部,なし,0,あり,2024-05-07
"【富山市】富山地方鉄道を走る元西武鉄道5000系レッドアローの内装がステキすぎた #shorts",富山市,なし,0,あり,2024-05-05
"【高岡市】Great Buddha in Great Buddha head #shorts",高岡市,あり,3,あり,2024-05-04
"【上市町】高さ5.5m、6体の龍の口から流れ落ちる六本瀧（ろっぽんだき）｜大岩山日石寺 #shorts",県東部,あり,5,あり,2024-05-03
"【上市町】仏教界の推し活に行ってきたよ｜大岩山日石寺 #shorts",県東部,なし,0,あり,2024-05-02
"【射水市】太閤山ランドの桜吹雪が凄かった #shorts",射水市,あり,4,あり,2024-05-01
"【高岡市】桜を見ながら早朝の高岡古城公園を散歩してきたよ #shorts",高岡市,なし,0,あり,2024-04-30
"【朝日町】かがり火の夜桜があまりキレイに撮影できなかった動画｜あさひ舟川「春の四重奏」2024 #shorts",県東部,なし,0,あり,2024-04-29
"【滑川市】山の中の隠れた温泉&#x2668;&#xfe0f;みのわ温泉で、ねまられ〜(「休んでいってね」という富山弁)&#x263a;&#xfe0f; #shorts",県東部,あり,5,あり,2024-02-17
"【富山市】「令和6年 能登半島地震」発生から約20時間後のアルビス新庄店の状況(R6.1.2 12:00)",富山市,あり,3,あり,2024-01-04
"【富山市】コストコ非会員でも買える！24時間営業の無人販売所「達人の一品 富山店」 #shorts",富山市,あり,3,あり,2023-12-30
"【富山市】夜のアーヴェリール迎賓館を散歩がてら見学 #shorts",富山市,あり,3,あり,2023-12-27
"【小矢部市】イルミネーションと動物のみなさん「おやべイルミ2023」｜クロスランドおやべ #shorts",県西部,あり,4,あり,2023-12-23
"【砺波市】創立61周年 陸上自衛隊 富山駐屯地 記念行事 #shorts",砺波市,なし,0,あり,2023-12-20
"【砺波市】KIRA KIRA MISSION 2023｜砺波チューリップ公園 #shorts",砺波市,あり,4,あり,2023-12-17
"【富山市】クリスマスの雰囲気が漂う環水公園をお散歩｜富岩運河環水公園 #shorts",富山市,なし,0,あり,2023-12-14
"【富山市】1704年建立！薬と健康の神社「豊栄稲荷神社」呉羽丘陵フットパス連絡橋すぐそば #shorts",富山市,なし,0,あり,2023-12-12
"【富山市】2026年度完了予定！呉羽丘陵フットパス連絡橋から見る富山の景色 #shorts",富山市,なし,0,あり,2023-12-09
"【滑川市】""押してください""を押す｜ほたるいかミュージアム #shorts",県東部,なし,0,あり,2023-12-07
"【滑川市】チンアナゴを知ろう｜ほたるいかミュージアム #shorts",県東部,あり,4,あり,2023-12-05
"【富山市】姉倉比売神社(舟倉)の紅葉がすごい！ #shorts",富山市,あり,4,あり,2023-12-02
"【滑川市】イベント期間中は大人100円子供50円で入場できちゃう「あかりがナイトin滑川」ナイトミュージアム｜ほたるいかミュージアム #shorts",県東部,あり,4,あり,2023-11-25
"【南砺市】レストランJOHANAREへ向かうロビー｜桜ヶ池クアガーデン #shorts",県西部,なし,0,あり,2023-11-18
"【上市町】上市川ダムの行き方がわからずいきなり上市川第二ダムへ行ったけど、特に取れ高は無かったという感想です。 #shorts",県東部,あり,5,あり,2023-11-11
"【滑川市】第９回あかりがナイト in 滑川 2023 #shorts",県東部,あり,4,あり,2023-10-31
"【八尾町】八尾町内33の会場で作品展｜第27回 坂のまちアートin やつお2023 #shorts",県西部,あり,4,あり,2023-10-15
"【八尾町】400年近くの歴史がある八尾町の風情ある町並み #shorts",県西部,あり,4,あり,2023-10-14
"【砺波市】天気がいい日に遊覧船が見える小牧ダムの上を行ったり来たり #shorts",砺波市,なし,0,あり,2023-10-07
"【富山市】vol.3東京ディズニーリゾート40周年スペシャルパレード｜富山まつり2023 #shorts",富山市,あり,4,あり,2023-09-23
"【富山市】vol.2東京ディズニーリゾート40周年スペシャルパレード｜富山まつり2023 #shorts",富山市,あり,4,あり,2023-09-23
"【富山市】vol.1東京ディズニーリゾート40周年スペシャルパレード｜富山まつり2023 #shorts",富山市,なし,0,あり,2023-09-23
"【富山市】富山県警察音楽隊スペシャルパレード2023富山まつり｜富山駅前城址大通り #shorts",富山市,なし,0,あり,2023-09-23
"【氷見市】３００ｍ沖合の唐島が見える比美乃江公園展望台 #shorts",県西部,あり,5,あり,2023-08-14
"【富山市】六角柱のスタイリッシュなボトル「芋焼酎 京屋 闇(くらやみ)」が気になる素敵な酒屋さん｜酒商 田尻本店 #shorts",富山市,なし,0,あり,2023-08-12
"【砺波市】600年以上の歴史！枯渇の危機を乗り越え今もなお湧き出ている瓜破清水(うりわりしょうず) #shorts",砺波市,あり,3,あり,2023-08-05
"【砺波市】※閲覧注意！なんでこんな顔にしたん？｜庄川大仏 #shorts",砺波市,あり,3,あり,2023-08-02
"【富山市】夏の夜空に100コ以上のランタンをリリース！牛岳ランタンフェスティバル2023 #shorts",富山市,あり,3,あり,2023-07-31
"【黒部市】とやまの名水 生地の共同洗い場｜NO.５神明町の共同洗い場 #shorts",県東部,あり,4,あり,2023-07-29
"【黒部市】丸中水産の古い木造倉庫を利用したギャラリー・カフェ｜北洋の館 #shorts",県東部,なし,0,あり,2023-07-19
"【魚津市】バブル期の20年間を駆け抜けた旅館｜天神山温泉 宝泉閣(ほうせんかく)【廃墟】 #shorts",県東部,あり,5,あり,2023-07-15
"【黒部市】宇奈月温泉街形成から100年間この地を護ってきた宇奈月神社 #shorts",県東部,あり,6,あり,2023-07-12
"【黒部市】黒部・宇奈月温泉 やまのは ※ピアノ生演奏BGM #shorts",県東部,あり,5,あり,2023-07-08
"【射水市】100円で鯉のエサを購入、早速あげてみましょう！【主観餌付け】｜太閤山ランド #shorts",射水市,なし,0,あり,2023-07-05
"【射水市】接写！110種20,000株が咲き誇るあじさい祭り｜太閤山ランド #shorts",射水市,あり,4,あり,2023-07-02
"【射水市】こどもみらい館のドールハウスがすごい！｜太閤山ランド #shorts",射水市,なし,0,あり,2023-07-01
"【射水市】やまぶきトンネル楽描(らくがき)コーナー｜太閤山ランド #shorts",射水市,あり,3,あり,2023-06-28
"【富山市】money exchangeで70MYR(rate:26.07)を1824JPYへ換金 #shorts",富山市,なし,0,あり,2023-06-24
"【南砺市】500年以上前の山門と金龍の欄間｜城端別院 善徳寺 #shorts",県西部,なし,0,あり,2023-06-21
"【砺波市】２本の龍の橋脚｜池川 廓龍橋(かくりゅうはし) #shorts",砺波市,なし,0,あり,2023-06-17
"【南砺市】キク科植物に特化した南砺市園芸植物園・フローラルパークでお花を鑑賞 #shorts",県西部,あり,4,あり,2023-06-14
"【砺波市】庄川温泉郷 薬師温泉 庄永閣(しょうえいかく)【廃墟】 #shorts",砺波市,あり,4,あり,2023-06-10
"【砺波市】庄川水記念公園 鯉恋の宮(こいこいのみや) #shorts",砺波市,あり,4,あり,2023-06-07
"【砺波市】1700発もの花火に圧倒！第71回 庄川観光祭・庄川峡花火大会2023 #shorts",砺波市,あり,4,あり,2023-06-04
"【富山市】３本の足を持つヤタガラスをふんだんに祀った奥田神社 #shorts",富山市,なし,0,あり,2023-06-03
"【黒部市】宇奈月駅の側の階段を降りて橋を渡ってトンネルをくぐって宇奈月ダムを見に行ったよ！ #shorts",県東部,なし,0,あり,2023-05-31
"【富山市】セルフ脱毛サロン RE SELF 富山",富山市,なし,0,あり,2023-05-29
"【黒部市】シロヤギ３｜くろべ牧場まきばの風 #shorts",県東部,あり,4,あり,2023-05-27
"【南砺市】300年の伝統を誇るユネスコ無形文化遺産 城端曳山祭2023 (庵唄BGMver.) #shorts",県西部,あり,4,あり,2023-05-07
"【八尾町】300年近くの歴史がある勇壮な春季祭礼！越中八尾曳山祭(2023) #shorts",県西部,なし,0,あり,2023-05-05
"【富山市】一本桜&#x1f338;夜桜で見る芸術と自然の美｜富山県水墨美術館 #shorts",富山市,あり,5,あり,2023-04-08
"【富山市】気温19℃、晴れた空と桜とマルート #shorts",富山市,あり,4,あり,2023-04-06
"【富山市】朝6時、蚤の市の雰囲気と神聖な場所で咲く桜｜富山県護国神社 #shorts",富山市,あり,5,あり,2023-04-02
"【射水市】4本のマストと純白の船体！夜の海王丸が凄すぎた！海の貴婦人「帆船 海王丸」 #shorts",射水市,なし,0,あり,2023-03-11
"【滑川市】新施設「MERIKA」のメリカ牧場に9頭のポニーがいたよ！ #shorts",県東部,なし,0,あり,2023-01-29
"【砺波市】290円のザックザク食感カレーパンの奴隷になりました｜小麦の奴隷 砺波店 #shorts",砺波市,あり,4,あり,2023-01-27
"【富山市】ドラマ「岸辺露伴は動かない」展 in NHK富山放送局 #shorts",富山市,あり,3,あり,2023-01-14
"【富山市】10kgの最高級ひみ寒ぶりを解体｜MAROOT｜銀兆 ikizushi 特撰館 #shorts",富山市,あり,3,あり,2023-01-07
"【富山市】24時間営業の冷凍ラーメン自販機へ行ってみた！(ラーメン以外もあるよ！)ウルトララーメン大集合 富山荒川店 #shorts",富山市,なし,0,あり,2022-12-18
"【富山市】一串に２コずつ！道の駅細入でマシュマロ焼き体験！焚き火で暖まろう&#x1f525; #shorts",富山市,あり,3,あり,2022-12-17
"【黒部市】宇奈月温泉の「温泉&#x2668;&#xfe0f;むすめ」に会いに行ってみた｜宇奈月明嶺 #shorts",県東部,あり,5,あり,2022-12-10
"【黒部市】黒部峡谷鉄道宇奈月駅にある謎の自販機 #shorts",県東部,あり,4,あり,2022-12-09
"【氷見市】ひみ番屋街の足湯と水平線 #shorts",県西部,あり,4,あり,2022-11-26
"【富山市】はじめしゃちょーの畑メンバーが訪れた「ますのすしミュージアム」ってこんなとこ #shorts",富山市,あり,3,あり,2022-11-19
"【小矢部市】宮島峡の紅葉と滝群 #shorts",県西部,あり,4,あり,2022-11-06
"【滑川市】海魚？川魚？どっち？｜ほたるいかミュージアム周辺 #shorts",県東部,あり,4,あり,2022-11-05
"【魚津市】片貝山ノ守キャンプ場の紅葉具合はこんな感じ #shorts",県東部,なし,0,あり,2022-10-30
"【富山市】楽今日館からの紅葉を期待したが、まだ早かった #shorts",富山市,なし,0,あり,2022-10-15
"【滑川市】東福寺野キャンドルナイト｜東福寺野自然公園 #shorts",県東部,あり,6,あり,2022-10-04
"【氷見市】粋な民宿「美岬」で粋な食事 #shorts",県西部,なし,0,あり,2022-10-01
"【氷見市】謎が多い廃墟・魚眠洞 #shorts",県西部,あり,4,あり,2022-09-28
"【富山市】トッピング50円から！？かき氷を食べに行ったけど安すぎん！？｜いも屋 #shorts",富山市,なし,0,あり,2022-09-24
"【富山市】MAIROってドコに移転したの？ #shorts",富山市,あり,3,あり,2022-09-22
"【船橋村】ワンドとは？｜京坪川河川公園（オレンジパークふなはし） #shorts",その他,あり,5,あり,2022-09-15
"【立山町】サウナ付き宿泊施設ができたってよ！｜ヘルジアンウッド",県東部,あり,4,あり,2022-09-11
"【立山町】The Field｜ヘルジアンウッド #shorts",県東部,なし,0,あり,2022-09-10
"【南砺市】宿泊できる世界遺産とうさぎ｜五箇山相倉合掌造り集落",県西部,あり,4,あり,2022-09-09
"【南砺市】和紙のドレス｜越中五箇山 相倉合掌造り集落 #shorts",県西部,あり,4,あり,2022-09-08
"【南砺市】入館無料、お土産ありのじょうはな織館が素敵すぎた！【閉館】",県西部,あり,4,あり,2022-09-06
"【南砺市】500年以上の歴史的建造物と厳粛な雰囲気｜城端別院 善徳寺",県西部,あり,5,あり,2022-09-04
"【砺波市】遊覧のみの利用は１日２往復(有料)｜大牧温泉行き 庄川峡遊覧船 船着場 #shorts",砺波市,あり,4,あり,2022-09-03
"【富山市】朝日の滝......た、滝??",富山市,なし,0,あり,2022-09-02
"【富山市】水辺に卵を産みつけるオニヤンマ #shorts",富山市,なし,0,あり,2022-08-31
"【富山市】音と光のイルミネーション「環水公園サマーファウンテン」が凄すぎた！！富岩運河環水公園&#x2728;（明るいときver.）",富山市,なし,0,あり,2022-08-29
"【富山市】４秒後の噴水ショーの始まりに驚くサギ｜富岩運河環水公園 #shorts",富山市,あり,4,あり,2022-08-28
"【富山市】音と光のイルミネーション「環水公園サマーファウンテン」が凄すぎた！！富岩運河環水公園&#x2728;",富山市,なし,0,あり,2022-08-27
"【富山市】音と光のイルミネーション「環水公園サマーファウンテン」が凄すぎた！！富岩運河環水公園&#x2728; #shorts",富山市,なし,0,あり,2022-08-26
"【射水市】櫛田神社の風鈴トンネル&#x1f390;音色に癒されました！",射水市,なし,0,あり,2022-08-13
"【射水市】650コもの風鈴が並ぶ櫛田神社の風鈴トンネル&#x1f390; #shorts",射水市,あり,4,あり,2022-08-12
"【滑川市】色とりどり！会場入り口付近のベトナムランタン｜ベトナム・ランタンまつりinなめりかわ2022 #shorts",県東部,あり,5,あり,2022-08-12
"【立山町】称名滝へは駐車場から歩いて30分！天気が良くても展望台まで滝しぶきでびしょ濡れ覚悟！",県東部,あり,4,あり,2022-07-30
"【射水市】越ノ潟駅すぐそば！富山県営渡船・越ノ潟フェリー【無料】",射水市,あり,3,あり,2022-07-23
"【立山町】あるぺん村にいるヤギ、草を食む",県東部,なし,0,あり,2022-06-26
"【入善町】杉沢の沢スギ「沢スギ自然館」へ行ってみた！入善乙女キクザクラが見つかった場所！",県東部,なし,0,あり,2022-06-25
"【高岡市】雨晴海岸を一望！道の駅「雨晴」周辺とドラえもん！",高岡市,あり,3,あり,2022-06-18
"【高岡市】日本三大仏「高岡大仏」の下はどうなってるの？",高岡市,なし,0,あり,2022-06-17
"【南砺市】穏やかな２本の滝、天気がいい日の夫婦滝（めおとだき） #shorts",県西部,なし,0,あり,2022-06-03
"【南砺市】ロビーとカフェと二次元女子たち｜桜ヶ池クアガーデン",県西部,あり,5,あり,2022-06-02
"【氷見市】人気声優・緑川光も訪れた！？天然記念物イタセンパラの研究施設｜ひみラボ水族館",県西部,あり,4,あり,2022-05-21
"【氷見市】イッテQでも取り上げられた「ごんごん祭り」の鐘があるお寺｜朝日本町『朝日山真言宗上日寺』",県西部,なし,0,あり,2022-05-20
"【八尾町】越中八尾曳山祭！3年ぶりの勇壮な曳山に圧巻！",県西部,あり,4,あり,2022-05-04
"【富山市】毎年4月28日は入園無料！開園記念日の富山市ファミリーパーク",富山市,あり,3,あり,2022-04-28
"【砺波市】となみチューリップフェア2022開幕！(初日)",砺波市,あり,3,あり,2022-04-22
"【富山市】日本料理「日本橋 俵屋」ってこんなところ",富山市,あり,3,あり,2022-01-24
"【富山市】天使と仰向けの子｜グリーンマーケット富山南店",富山市,あり,3,あり,2021-08-17
"【黒部市】ヤギとポニーを見るだけの動画｜くろべ牧場まきばの風",県東部,なし,0,あり,2021-08-03
"【小矢部市】ふれあえない...コロナ禍の稲葉山ふれあい動物広場｜稲葉山牧場",県西部,なし,0,あり,2021-07-15
"【黒部市】穏やかな波音｜石田浜海水浴場",県東部,あり,4,あり,2021-07-14
"【魚津市】農業用水利施設｜水循環遺産東山円筒分水槽",県東部,なし,0,あり,2021-07-05
"【小矢部市】夏に快適！富山の小さなナイアガラ、涼しげスポットに癒されて『宮島峡』",県西部,あり,4,あり,2021-06-30
"【朝日町】あさひ舟川べり桜並木に癒されました『春の四重奏2021』",県東部,あり,5,あり,2021-04-03
"【富山市】猫かわいい&#x1f431;ふわふわメインクーン｜グリーンマーケット富山南店",富山市,あり,3,あり,2021-02-27
"【富山市】スイートクリスマスイルミネーション2020｜富岩運河環水公園",富山市,なし,0,あり,2020-12-20
"【魚津市】はじめしゃちょー&#038;よっち&#038;地元のみなさんが描いたシャッターペイント｜魚津市中央通り名店街",県東部,あり,4,あり,2020-12-14
"【氷見市】知られざる光久寺の名園茶庭【志納500円/1人】",県西部,あり,5,あり,2020-11-26
"【氷見市】「九殿浜温泉ひみのはな」売店と景色が中心の動画【温泉の映像なし】",県西部,あり,5,あり,2020-11-25
"【小矢部市】クロスランドおやべのイルミネーション『おやべイルミ2020』",県西部,あり,4,あり,2020-11-22
"【砺波市】10月のチューリップ四季彩館はハロウィン一色【休館直前】",砺波市,なし,0,あり,2020-10-18
"【砺波市】北陸地方でもっとも古いお寺【閻魔大王像を安置】『千光寺』",砺波市,あり,4,あり,2020-09-06
"【氷見市】バラの見頃を外した時期に散歩【ダリアは見頃】｜氷見あいやまガーデン",県西部,あり,4,あり,2020-08-26
"【富山市】水力発電の水車構造が美しい『常願寺川上滝公園』 #shorts",富山市,あり,5,あり,2020-07-26
"【立山町】映画「剣岳 点の記」の撮影ロケ地、『雄山神社前立社壇』を歩いてみた",県東部,あり,5,あり,2020-07-26
"【砺波市】富山が全国に誇る勇猛な喧嘩祭り！『夜高祭』 #shorts",砺波市,なし,0,あり,2020-07-23
"【富山市】造形作家・清河北斗『舞台の上の美術館Ⅱ KYOMU〜巨無と虚無〜』オーバード・ホール #shorts",富山市,あり,4,あり,2020-07-18
"【立山町】ヘルジアン・ウッド周辺で特別天然記念物と遭遇！？しかし...",県東部,なし,0,あり,2020-07-14
"【上市町】おみくじをひいたよ！滝行もできちゃう『大岩山日石寺』",県東部,あり,5,あり,2020-07-13
"【上市町】岡田准一主演映画「散り椿」の撮影ロケ地を歩いてみた『眼目山立山寺』",県東部,あり,5,あり,2020-03-24