file,jsonld_count,parsed_count,has_video,has_contentUrl_watch,has_embedUrl,has_thumbnailUrl,has_uploadDate
.next/server/app/blog/[slug]/page.js,0,0,false,false,false,false,false
.next/server/app/blog/[slug]/page_client-reference-manifest.js,0,0,false,false,false,false,false
.next/server/app/blog/toyama-asahimachi-2021.html,1,1,true,true,true,true,true
.next/server/app/blog/toyama-asahimachi-2021.rsc,0,0,false,false,false,false,false
.next/server/app/blog/toyama-asahimachi-2024.html,1,1,true,true,true,true,true
.next/server/app/blog/toyama-asahimachi-2024.rsc,0,0,false,false,false,false,false
.next/server/app/blog/toyama-fuchucho-yosakoi.html,1,1,true,true,true,true,true
.next/server/app/blog/toyama-fuchucho-yosakoi.rsc,0,0,false,false,false,false,false
.next/server/app/blog/toyama-fuchucho.html,1,1,true,true,true,true,true
.next/server/app/blog/toyama-fuchucho.rsc,0,0,false,false,false,false,false
.next/server/app/blog/toyama-fukuokacho-1000.html,1,1,true,true,true,true,true
.next/server/app/blog/toyama-fukuokacho-1000.rsc,0,0,false,false,false,false,false
.next/server/app/blog/toyama-fukuokacho-15yuan.html,1,1,true,true,true,true,true
.next/server/app/blog/toyama-fukuokacho-15yuan.rsc,0,0,false,false,false,false,false
.next/server/app/blog/toyama-funahashimura-1260yen.html,1,1,false,false,false,false,false
.next/server/app/blog/toyama-funahashimura-1260yen.rsc,0,0,false,false,false,false,false
.next/server/app/blog/toyama-himishi-500yen1.html,1,1,true,true,true,true,true
.next/server/app/blog/toyama-himishi-500yen1.rsc,0,0,false,false,false,false,false
.next/server/app/blog/toyama-himishi-a.html,1,1,true,true,true,true,true
.next/server/app/blog/toyama-himishi-a.rsc,0,0,false,false,false,false,false
.next/server/app/blog/toyama-himishi-q.html,1,1,true,true,true,true,true
.next/server/app/blog/toyama-himishi-q.rsc,0,0,false,false,false,false,false
.next/server/app/blog/toyama-himishi-t.html,1,1,true,true,true,true,true
.next/server/app/blog/toyama-himishi-t.rsc,0,0,false,false,false,false,false
.next/server/app/blog/toyama-himishi-yuan.html,1,1,true,true,true,true,true
.next/server/app/blog/toyama-himishi-yuan.rsc,0,0,false,false,false,false,false
.next/server/app/blog/toyama-himishi.html,1,1,true,true,true,true,true
.next/server/app/blog/toyama-himishi.rsc,0,0,false,false,false,false,false
.next/server/app/blog/toyama-imizushi-100yen.html,1,1,true,true,true,true,true
.next/server/app/blog/toyama-imizushi-100yen.rsc,0,0,false,false,false,false,false
.next/server/app/blog/toyama-imizushi-11020000.html,1,1,true,true,true,true,true
.next/server/app/blog/toyama-imizushi-11020000.rsc,0,0,false,false,false,false,false
.next/server/app/blog/toyama-imizushi-4.html,1,1,true,true,true,true,true
.next/server/app/blog/toyama-imizushi-4.rsc,0,0,false,false,false,false,false
.next/server/app/blog/toyama-imizushi-650.html,1,1,true,true,true,true,true
.next/server/app/blog/toyama-imizushi-650.rsc,0,0,false,false,false,false,false
.next/server/app/blog/toyama-imizushi.html,1,1,true,true,true,true,true
.next/server/app/blog/toyama-imizushi.rsc,0,0,false,false,false,false,false
.next/server/app/blog/toyama-kamiichimachi-2018.html,1,1,true,true,true,true,true
.next/server/app/blog/toyama-kamiichimachi-2018.rsc,0,0,false,false,false,false,false
.next/server/app/blog/toyama-kamiichimachi-2024.html,1,1,true,true,true,true,true
.next/server/app/blog/toyama-kamiichimachi-2024.rsc,0,0,false,false,false,false,false
.next/server/app/blog/toyama-kamiichimachi-55m6.html,1,1,true,true,true,true,true
.next/server/app/blog/toyama-kamiichimachi-55m6.rsc,0,0,false,false,false,false,false
.next/server/app/blog/toyama-kamiichimachi-kamich-festival-fireworks.html,1,1,true,true,true,true,true
.next/server/app/blog/toyama-kamiichimachi-kamich-festival-fireworks.rsc,0,0,false,false,false,false,false
.next/server/app/blog/toyama-kamiichimachi.html,1,1,true,true,true,true,true
.next/server/app/blog/toyama-kamiichimachi.rsc,0,0,false,false,false,false,false
.next/server/app/blog/toyama-kurobeshi-100.html,1,1,true,true,true,true,true
.next/server/app/blog/toyama-kurobeshi-100.rsc,0,0,false,false,false,false,false
.next/server/app/blog/toyama-kurobeshi-bgm.html,1,1,true,true,true,true,true
.next/server/app/blog/toyama-kurobeshi-bgm.rsc,0,0,false,false,false,false,false
.next/server/app/blog/toyama-kurobeshi-no.html,1,1,true,true,true,true,true
.next/server/app/blog/toyama-kurobeshi-no.rsc,0,0,false,false,false,false,false
.next/server/app/blog/toyama-kurobeshi.html,1,1,true,true,true,true,true
.next/server/app/blog/toyama-kurobeshi.rsc,0,0,false,false,false,false,false
.next/server/app/blog/toyama-namerikawashi-100yen50yenin.html,1,1,true,true,true,true,true
.next/server/app/blog/toyama-namerikawashi-100yen50yenin.rsc,0,0,false,false,false,false,false
.next/server/app/blog/toyama-namerikawashi-in-2023.html,1,1,true,true,true,true,true
.next/server/app/blog/toyama-namerikawashi-in-2023.rsc,0,0,false,false,false,false,false
.next/server/app/blog/toyama-namerikawashi-in2022.html,1,1,true,true,true,true,true
.next/server/app/blog/toyama-namerikawashi-in2022.rsc,0,0,false,false,false,false,false
.next/server/app/blog/toyama-namerikawashi-merika9.html,1,1,true,true,true,true,true
.next/server/app/blog/toyama-namerikawashi-merika9.rsc,0,0,false,false,false,false,false
.next/server/app/blog/toyama-namerikawashi.html,1,1,true,true,true,true,true
.next/server/app/blog/toyama-namerikawashi.rsc,0,0,false,false,false,false,false
.next/server/app/blog/toyama-nantoshi-300-2023-bgmver.html,1,1,true,true,true,true,true
.next/server/app/blog/toyama-nantoshi-300-2023-bgmver.rsc,0,0,false,false,false,false,false
.next/server/app/blog/toyama-nantoshi-500.html,1,1,true,true,true,true,true
.next/server/app/blog/toyama-nantoshi-500.rsc,0,0,false,false,false,false,false
.next/server/app/blog/toyama-nantoshi-iox-arosa.html,1,1,true,true,true,true,true
.next/server/app/blog/toyama-nantoshi-iox-arosa.rsc,0,0,false,false,false,false,false
.next/server/app/blog/toyama-nantoshi-johanare.html,1,1,true,true,true,true,true
.next/server/app/blog/toyama-nantoshi-johanare.rsc,0,0,false,false,false,false,false
.next/server/app/blog/toyama-nantoshi-yuan.html,1,1,true,true,true,true,true
.next/server/app/blog/toyama-nantoshi-yuan.rsc,0,0,false,false,false,false,false
.next/server/app/blog/toyama-nantoshi.html,1,1,true,true,true,true,true
.next/server/app/blog/toyama-nantoshi.rsc,0,0,false,false,false,false,false
.next/server/app/blog/toyama-nyuzenmachi.html,1,1,true,true,true,true,true
.next/server/app/blog/toyama-nyuzenmachi.rsc,0,0,false,false,false,false,false
.next/server/app/blog/toyama-oyabeshi-2020.html,1,1,true,true,true,true,true
.next/server/app/blog/toyama-oyabeshi-2020.rsc,0,0,false,false,false,false,false
.next/server/app/blog/toyama-oyabeshi-2023.html,1,1,true,true,true,true,true
.next/server/app/blog/toyama-oyabeshi-2023.rsc,0,0,false,false,false,false,false
.next/server/app/blog/toyama-oyabeshi.html,1,1,true,true,true,true,true
.next/server/app/blog/toyama-oyabeshi.rsc,0,0,false,false,false,false,false
.next/server/app/blog/toyama-takaokashi-33-in-takaoka.html,1,1,true,true,true,true,true
.next/server/app/blog/toyama-takaokashi-33-in-takaoka.rsc,0,0,false,false,false,false,false
.next/server/app/blog/toyama-takaokashi-700.html,1,1,true,true,true,true,true
.next/server/app/blog/toyama-takaokashi-700.rsc,0,0,false,false,false,false,false
.next/server/app/blog/toyama-takaokashi-75.html,1,1,true,true,true,true,true
.next/server/app/blog/toyama-takaokashi-75.rsc,0,0,false,false,false,false,false
.next/server/app/blog/toyama-takaokashi-doria-specialty-rich-lunch.html,1,1,true,true,true,true,true
.next/server/app/blog/toyama-takaokashi-doria-specialty-rich-lunch.rsc,0,0,false,false,false,false,false
.next/server/app/blog/toyama-takaokashi-great-buddha-in-great-buddha-head.html,1,1,true,true,true,true,true
.next/server/app/blog/toyama-takaokashi-great-buddha-in-great-buddha-head.rsc,0,0,false,false,false,false,false
.next/server/app/blog/toyama-takaokashi-zuiryuji-agni-fire-temple.html,1,1,true,true,true,true,true
.next/server/app/blog/toyama-takaokashi-zuiryuji-agni-fire-temple.rsc,0,0,false,false,false,false,false
.next/server/app/blog/toyama-takaokashi-zuiryuji-lightup-temple.html,1,1,true,true,true,true,true
.next/server/app/blog/toyama-takaokashi-zuiryuji-lightup-temple.rsc,0,0,false,false,false,false,false
.next/server/app/blog/toyama-takaokashi.html,1,1,true,true,true,true,true
.next/server/app/blog/toyama-takaokashi.rsc,0,0,false,false,false,false,false
.next/server/app/blog/toyama-tateyamamachi-30.html,1,1,true,true,true,true,true
.next/server/app/blog/toyama-tateyamamachi-30.rsc,0,0,false,false,false,false,false
.next/server/app/blog/toyama-tateyamamachi-80m.html,1,1,true,true,true,true,true
.next/server/app/blog/toyama-tateyamamachi-80m.rsc,0,0,false,false,false,false,false
.next/server/app/blog/toyama-tateyamamachi-and.html,1,1,false,false,false,false,false
.next/server/app/blog/toyama-tateyamamachi-and.rsc,0,0,false,false,false,false,false
.next/server/app/blog/toyama-tateyamamachi-the-field.html,1,1,true,true,true,true,true
.next/server/app/blog/toyama-tateyamamachi-the-field.rsc,0,0,false,false,false,false,false
.next/server/app/blog/toyama-tateyamamachi.html,1,1,true,true,true,true,true
.next/server/app/blog/toyama-tateyamamachi.rsc,0,0,false,false,false,false,false
.next/server/app/blog/toyama-tonamishi-10.html,1,1,true,true,true,true,true
.next/server/app/blog/toyama-tonamishi-10.rsc,0,0,false,false,false,false,false
.next/server/app/blog/toyama-tonamishi-170071-2023.html,1,1,true,true,true,true,true
.next/server/app/blog/toyama-tonamishi-170071-2023.rsc,0,0,false,false,false,false,false
.next/server/app/blog/toyama-tonamishi-2022.html,1,1,true,true,true,true,true
.next/server/app/blog/toyama-tonamishi-2022.rsc,0,0,false,false,false,false,false
.next/server/app/blog/toyama-tonamishi-2024.html,1,1,true,true,true,true,true
.next/server/app/blog/toyama-tonamishi-2024.rsc,0,0,false,false,false,false,false
.next/server/app/blog/toyama-tonamishi-290yen.html,1,1,true,true,true,true,true
.next/server/app/blog/toyama-tonamishi-290yen.rsc,0,0,false,false,false,false,false
.next/server/app/blog/toyama-tonamishi-600.html,1,1,true,true,true,true,true
.next/server/app/blog/toyama-tonamishi-600.rsc,0,0,false,false,false,false,false
.next/server/app/blog/toyama-tonamishi-61.html,1,1,true,true,true,true,true
.next/server/app/blog/toyama-tonamishi-61.rsc,0,0,false,false,false,false,false
.next/server/app/blog/toyama-tonamishi-900.html,1,1,false,false,false,false,false
.next/server/app/blog/toyama-tonamishi-900.rsc,0,0,false,false,false,false,false
.next/server/app/blog/toyama-tonamishi-kira-kira-mission-2023.html,1,1,true,true,true,true,true
.next/server/app/blog/toyama-tonamishi-kira-kira-mission-2023.rsc,0,0,false,false,false,false,false
.next/server/app/blog/toyama-tonamishi.html,1,1,true,true,true,true,true
.next/server/app/blog/toyama-tonamishi.rsc,0,0,false,false,false,false,false
.next/server/app/blog/toyama-toyamashi-1-at-2025.html,1,1,true,true,true,true,true
.next/server/app/blog/toyama-toyamashi-1-at-2025.rsc,0,0,false,false,false,false,false
.next/server/app/blog/toyama-toyamashi-1002023.html,1,1,true,true,true,true,true
.next/server/app/blog/toyama-toyamashi-1002023.rsc,0,0,false,false,false,false,false
.next/server/app/blog/toyama-toyamashi-10kgmaroot-ikizushi.html,1,1,true,true,true,true,true
.next/server/app/blog/toyama-toyamashi-10kgmaroot-ikizushi.rsc,0,0,false,false,false,false,false
.next/server/app/blog/toyama-toyamashi-120.html,1,1,true,true,true,true,true
.next/server/app/blog/toyama-toyamashi-120.rsc,0,0,false,false,false,false,false
.next/server/app/blog/toyama-toyamashi-12in.html,1,1,true,true,true,true,true
.next/server/app/blog/toyama-toyamashi-12in.rsc,0,0,false,false,false,false,false
.next/server/app/blog/toyama-toyamashi-1562024727.html,1,1,true,true,true,true,true
.next/server/app/blog/toyama-toyamashi-1562024727.rsc,0,0,false,false,false,false,false
.next/server/app/blog/toyama-toyamashi-15andquotandquot.html,1,1,true,true,true,true,true
.next/server/app/blog/toyama-toyamashi-15andquotandquot.rsc,0,0,false,false,false,false,false
.next/server/app/blog/toyama-toyamashi-1704.html,1,1,true,true,true,true,true
.next/server/app/blog/toyama-toyamashi-1704.rsc,0,0,false,false,false,false,false
.next/server/app/blog/toyama-toyamashi-19.html,1,1,true,true,true,true,true
.next/server/app/blog/toyama-toyamashi-19.rsc,0,0,false,false,false,false,false
.next/server/app/blog/toyama-toyamashi-1946pain-dand39or.html,1,1,true,true,true,true,true
.next/server/app/blog/toyama-toyamashi-1946pain-dand39or.rsc,0,0,false,false,false,false,false
.next/server/app/blog/toyama-toyamashi-1946pain-dor.html,1,1,true,true,true,true,true
.next/server/app/blog/toyama-toyamashi-1946pain-dor.rsc,0,0,false,false,false,false,false
.next/server/app/blog/toyama-toyamashi-196260.html,1,1,true,true,true,true,true
.next/server/app/blog/toyama-toyamashi-196260.rsc,0,0,false,false,false,false,false
.next/server/app/blog/toyama-toyamashi-2020.html,1,1,true,true,true,true,true
.next/server/app/blog/toyama-toyamashi-2020.rsc,0,0,false,false,false,false,false
.next/server/app/blog/toyama-toyamashi-2025.html,1,1,true,true,true,true,true
.next/server/app/blog/toyama-toyamashi-2025.rsc,0,0,false,false,false,false,false
.next/server/app/blog/toyama-toyamashi-2026.html,1,1,true,true,true,true,true
.next/server/app/blog/toyama-toyamashi-2026.rsc,0,0,false,false,false,false,false
.next/server/app/blog/toyama-toyamashi-24.html,1,1,true,true,true,true,true
.next/server/app/blog/toyama-toyamashi-24.rsc,0,0,false,false,false,false,false
.next/server/app/blog/toyama-toyamashi-2424.html,1,1,true,true,true,true,true
.next/server/app/blog/toyama-toyamashi-2424.rsc,0,0,false,false,false,false,false
.next/server/app/blog/toyama-toyamashi-32025.html,1,1,true,true,true,true,true
.next/server/app/blog/toyama-toyamashi-32025.rsc,0,0,false,false,false,false,false
.next/server/app/blog/toyama-toyamashi-402023.html,1,1,true,true,true,true,true
.next/server/app/blog/toyama-toyamashi-402023.rsc,0,0,false,false,false,false,false
.next/server/app/blog/toyama-toyamashi-428.html,1,1,true,true,true,true,true
.next/server/app/blog/toyama-toyamashi-428.rsc,0,0,false,false,false,false,false
.next/server/app/blog/toyama-toyamashi-50.html,1,1,true,true,true,true,true
.next/server/app/blog/toyama-toyamashi-50.rsc,0,0,false,false,false,false,false
.next/server/app/blog/toyama-toyamashi-50yen.html,1,1,true,true,true,true,true
.next/server/app/blog/toyama-toyamashi-50yen.rsc,0,0,false,false,false,false,false
.next/server/app/blog/toyama-toyamashi-6-20r612-1200.html,1,1,true,true,true,true,true
.next/server/app/blog/toyama-toyamashi-6-20r612-1200.rsc,0,0,false,false,false,false,false
.next/server/app/blog/toyama-toyamashi-6.html,1,1,true,true,true,true,true
.next/server/app/blog/toyama-toyamashi-6.rsc,0,0,false,false,false,false,false
.next/server/app/blog/toyama-toyamashi-9.html,1,1,true,true,true,true,true
.next/server/app/blog/toyama-toyamashi-9.rsc,0,0,false,false,false,false,false
.next/server/app/blog/toyama-toyamashi-candy-apple-maroot.html,1,1,true,true,true,true,true
.next/server/app/blog/toyama-toyamashi-candy-apple-maroot.rsc,0,0,false,false,false,false,false
.next/server/app/blog/toyama-toyamashi-en-cos-japan-2024-in-toyama.html,1,1,true,true,true,true,true
.next/server/app/blog/toyama-toyamashi-en-cos-japan-2024-in-toyama.rsc,0,0,false,false,false,false,false
.next/server/app/blog/toyama-toyamashi-go-for-kogei-2025.html,1,1,true,true,true,true,true
.next/server/app/blog/toyama-toyamashi-go-for-kogei-2025.rsc,0,0,false,false,false,false,false
.next/server/app/blog/toyama-toyamashi-in-nhk.html,1,1,true,true,true,true,true
.next/server/app/blog/toyama-toyamashi-in-nhk.rsc,0,0,false,false,false,false,false
.next/server/app/blog/toyama-toyamashi-kyomu.html,1,1,true,true,true,true,true
.next/server/app/blog/toyama-toyamashi-kyomu.rsc,0,0,false,false,false,false,false
.next/server/app/blog/toyama-toyamashi-mairo.html,1,1,true,true,true,true,true
.next/server/app/blog/toyama-toyamashi-mairo.rsc,0,0,false,false,false,false,false
.next/server/app/blog/toyama-toyamashi-max2025.html,1,1,true,true,true,true,true
.next/server/app/blog/toyama-toyamashi-max2025.rsc,0,0,false,false,false,false,false
.next/server/app/blog/toyama-toyamashi-money-exchange70myrrate26071824jpy.html,1,1,true,true,true,true,true
.next/server/app/blog/toyama-toyamashi-money-exchange70myrrate26071824jpy.rsc,0,0,false,false,false,false,false
.next/server/app/blog/toyama-toyamashi-re-self.html,1,1,true,true,true,true,true
.next/server/app/blog/toyama-toyamashi-re-self.rsc,0,0,false,false,false,false,false
.next/server/app/blog/toyama-toyamashi-reberty.html,1,1,false,false,false,false,false
.next/server/app/blog/toyama-toyamashi-reberty.rsc,0,0,false,false,false,false,false
.next/server/app/blog/toyama-toyamashi-sakura-at-2025.html,1,1,true,true,true,true,true
.next/server/app/blog/toyama-toyamashi-sakura-at-2025.rsc,0,0,false,false,false,false,false
.next/server/app/blog/toyama-toyamashi-ver.html,1,1,true,true,true,true,true
.next/server/app/blog/toyama-toyamashi-ver.rsc,0,0,false,false,false,false,false
.next/server/app/blog/toyama-toyamashi-yuan5000.html,1,1,true,true,true,true,true
.next/server/app/blog/toyama-toyamashi-yuan5000.rsc,0,0,false,false,false,false,false
.next/server/app/blog/toyama-toyamashi.html,1,1,true,true,true,true,true
.next/server/app/blog/toyama-toyamashi.rsc,0,0,false,false,false,false,false
.next/server/app/blog/toyama-uozushi-20.html,1,1,true,true,true,true,true
.next/server/app/blog/toyama-uozushi-20.rsc,0,0,false,false,false,false,false
.next/server/app/blog/toyama-uozushi-2024526.html,1,1,true,true,true,true,true
.next/server/app/blog/toyama-uozushi-2024526.rsc,0,0,false,false,false,false,false
.next/server/app/blog/toyama-uozushi-3.html,1,1,true,true,true,true,true
.next/server/app/blog/toyama-uozushi-3.rsc,0,0,false,false,false,false,false
.next/server/app/blog/toyama-uozushi-andandyuan.html,1,1,true,true,true,true,true
.next/server/app/blog/toyama-uozushi-andandyuan.rsc,0,0,false,false,false,false,false
.next/server/app/blog/toyama-uozushi-chouroku.html,1,1,true,true,true,true,true
.next/server/app/blog/toyama-uozushi-chouroku.rsc,0,0,false,false,false,false,false
.next/server/app/blog/toyama-uozushi-yen.html,1,1,true,true,true,true,true
.next/server/app/blog/toyama-uozushi-yen.rsc,0,0,false,false,false,false,false
.next/server/app/blog/toyama-uozushi.html,1,1,true,true,true,true,true
.next/server/app/blog/toyama-uozushi.rsc,0,0,false,false,false,false,false
.next/server/app/blog/toyama-yatsuomachi-202453.html,1,1,true,true,true,true,true
.next/server/app/blog/toyama-yatsuomachi-202453.rsc,0,0,false,false,false,false,false
.next/server/app/blog/toyama-yatsuomachi-3.html,1,1,true,true,true,true,true
.next/server/app/blog/toyama-yatsuomachi-3.rsc,0,0,false,false,false,false,false
.next/server/app/blog/toyama-yatsuomachi-3002023.html,1,1,true,true,true,true,true
.next/server/app/blog/toyama-yatsuomachi-3002023.rsc,0,0,false,false,false,false,false
.next/server/app/blog/toyama-yatsuomachi-3327-in-2023.html,1,1,true,true,true,true,true
.next/server/app/blog/toyama-yatsuomachi-3327-in-2023.rsc,0,0,false,false,false,false,false
.next/server/app/blog/toyama-yatsuomachi-400.html,1,1,true,true,true,true,true
.next/server/app/blog/toyama-yatsuomachi-400.rsc,0,0,false,false,false,false,false
.next/server/app/blog/toyama-yatsuomachi.html,1,1,true,true,true,true,true
.next/server/app/blog/toyama-yatsuomachi.rsc,0,0,false,false,false,false,false
.next/server/app/blog/toyama.html,1,1,true,true,true,true,true
.next/server/app/blog/toyama.rsc,0,0,false,false,false,false,false