slug,title,youtubeUrl,videoIdFromField,foundInBody,bodyVideoId
toyama-takaokashi-75,"【高岡市】創業から75年続く老舗食堂「風月」の昭和セットで満たされました",https://youtu.be/wJMUmWYSDNY,wJMUmWYSDNY,false,
toyama-tonamishi,"【砺波市】お土産と工芸とドーナツ メルキュール富山砺波リゾート＆スパ",https://youtu.be/87Hv4fqQjNk,87Hv4fqQjNk,false,
toyama-tateyamamachi,"【立山町】かつての学び舎が地域の拠点となった谷口集学校",https://youtu.be/MBjcgAO7Szo,MBjcgAO7Szo,false,
toyama-imizushi,"【射水市】きょうのるりちゃんとお友達の貴景勝(たかけいしょう)｜浄蓮寺",https://youtu.be/cw36W3TDtvs,cw36W3TDtvs,false,
toyama-toyamashi-196260,"【富山市】創業1962年！60年以上続くうどん店「鶴喜(つるき)」の老舗の味わい",https://youtu.be/zl5Ebu2Mmq4,zl5Ebu2Mmq4,false,
toyama-toyamashi,"【富山市】どうぶつパンや巨大メロンパンまで！手づくりパン工房 やねのうえのガチョウがすごい！",https://youtu.be/GlTC1MzYGTo,GlTC1MzYGTo,false,
toyama-oyabeshi,"【小矢部市】まんまるパリパリ食感がたまらない！「鯛万屋」のたい焼きが美味すぎる！",https://youtu.be/_6DPNwcNqeA,_6DPNwcNqeA,false,
toyama-toyamashi,"【富山市】東岩瀬をぶらり散歩 港町の風情と歴史を感じる街歩き",https://youtu.be/6bwPqAvZKek,6bwPqAvZKek,false,
toyama-takaokashi-75,"【高岡市】創業から75年続く老舗食堂「風月」の昭和セットで満たされました",https://youtu.be/wJMUmWYSDNY,wJMUmWYSDNY,false,
toyama-toyamashi,"【富山市】落ち着いた空間で楽しむリトル上海の本格中華ランチ！日常にそっと高級感を",https://youtu.be/z222Q-cQ8UM,z222Q-cQ8UM,false,
toyama-tonamishi,"【砺波市】イオンモールとなみの一角で『劇場版「鬼滅の刃」無限城編 第一章 猗窩座再来』のポスター展やってたよ",https://youtu.be/JhGMbTOeK88,JhGMbTOeK88,false,
toyama-toyamashi-15andquotandquot,"【富山市】15年間ありがとう！おつかれさまでした！焼きたてパンの店&quot;ブレッドマーケット&quot;が閉店します",https://youtu.be/Gzhmy1hiIIc,Gzhmy1hiIIc,false,
toyama-uozushi,"【魚津市】毎日暑いのでゴマフアザラシを見ます",https://youtu.be/yeMbIMxqC1o,yeMbIMxqC1o,false,
toyama-toyamashi-1946pain-dand39or,"【富山市】創業1946年！富山の老舗「PAIN D&#39;OR (パンドール)」懐かしくて新しい絶品パンの数々",https://youtu.be/0fBH7G9dEmM,0fBH7G9dEmM,false,
toyama-takaokashi,"【高岡市】ブラジル食材がずらり！新湊の「コンビニヤ」をサクッと覗き見 ｜店内ツアー",https://youtu.be/ZjPCFFPpP2U,ZjPCFFPpP2U,false,
toyama-tonamishi,"【砺波市】春旅で癒される「となみ野庄川荘一萬亭」でアクティビティと贅沢ごはんで一泊",https://youtube.com/shorts/X9nj7x1whhQ,X9nj7x1whhQ,false,
toyama-toyamashi-sakura-at-2025,"【富山市】夜桜とキャンドルの幻想空間「SAKURAナイト」 at 環水公園 2025",https://youtube.com/shorts/2mOg8w8P1Tw,2mOg8w8P1Tw,false,
toyama-takaokashi,"【高岡市】ブラジル食材がずらり！新湊の「コンビニヤ」をサクッと覗き見 ｜店内ツアー",https://youtube.com/shorts/ZjPCFFPpP2U,ZjPCFFPpP2U,false,
toyama-fukuokacho-15yuan,"【福岡町】平成15年開園！地元民だけが知ってる？鯉だらけの不思議な公園「福岡町鯉の里公園」",https://youtube.com/shorts/uJrQ5ZScgDQ,uJrQ5ZScgDQ,false,
toyama-toyamashi-428,"【富山市】毎年4月28日はファミリーパークの開園記念日！動物園内はゆったりとした時間が流れておりました",https://youtube.com/shorts/6AHGoLh2jdc,6AHGoLh2jdc,true,fJ9rUzIMcZQ
toyama-toyamashi-sakura-at-2025,"【富山市】夜桜とキャンドルの幻想空間「SAKURAナイト」 at 環水公園 2025",https://youtube.com/shorts/2mOg8w8P1Tw,2mOg8w8P1Tw,true,8xg_fqQVM_o
toyama-toyamashi,"【富山市】昇運招福めでたい！富山駅前マルートに『おめで鯛焼き本舗』オープン！",https://youtube.com/shorts/ReeXPls1jjU,ReeXPls1jjU,true,R1DuSuJiRYc
toyama-tateyamamachi-80m,"【立山町】高さ80mの絶景！富山地区広域圏クリーンセンターの展望台から見る雪の田園風景(入館無料)",https://youtube.com/shorts/L6x2aRQJ3HM,L6x2aRQJ3HM,false,
toyama-tateyamamachi,"【立山町】しろえびせんべい工場でおみくじをひいた結果",https://youtube.com/shorts/bEs6gh9NTys,bEs6gh9NTys,false,
toyama-kurobeshi,"【黒部市】冬の夜空を彩る豪華花火ショー！宇奈月温泉冬物語 雪上花火大会",https://youtube.com/shorts/R1DuSuxZh_8,R1DuSuxZh_8,false,
toyama-uozushi,"【魚津市】ケーキがこの値段！？うれしい価格帯！島崎松月堂",https://youtube.com/shorts/rD54cy_CMKA,rD54cy_CMKA,false,
toyama-toyamashi,"【富山市】すこし小ぶりなたいやきがかわいい！東富山高校近くの「鯛の陽」でほっこりしました",https://youtube.com/shorts/n3qZPjbgiLQ,n3qZPjbgiLQ,false,
toyama-takaokashi,"【高岡市】雨晴海岸から立山連峰がキレイに見えました",https://youtube.com/shorts/tkWK9vGFkWI,tkWK9vGFkWI,false,
toyama-takaokashi,"【高岡市】道の駅雨晴と雨晴海岸と立山連峰と鳥",https://youtube.com/shorts/53oxZrfI36o,53oxZrfI36o,false,
toyama-fuchucho-yosakoi,"【婦中町】安田城月見の宴のYOSAKOIが盛り上がりすぎた！歴史と現代の融合演舞",https://youtu.be/8xqKdkD6sxE,8xqKdkD6sxE,false,
toyama-imizushi,"【射水市】きょうのるりちゃん｜浄蓮寺",https://youtube.com/shorts/FaIhchK_dlo,FaIhchK_dlo,false,
toyama-takaokashi-700,"【高岡市】700年以上の歴史がある臨済宗大本山「國泰寺」が素敵すぎた",https://youtube.com/shorts/Ese9ZrJmg3w,Ese9ZrJmg3w,false,
toyama-tonamishi-2024,"【砺波市】頼成の森「花しょうぶ祭り2024」に癒されました",https://youtube.com/shorts/iv2KOVvSgoQ,iv2KOVvSgoQ,true,fJ9rUzIMcZQ
toyama-namerikawashi,"【滑川市】花菖蒲(はなしょうぶ)とキャンドルの共演が素敵すぎました｜行田公園キャンドルナイト",https://youtube.com/shorts/MejdyZhkUg8,MejdyZhkUg8,false,
toyama-toyamashi-2424,"【富山市】24時間営業の無人販売店「24スイーツショップ富山店」が甘々すぎました",https://youtube.com/shorts/B5KvlJ2pg7Q,B5KvlJ2pg7Q,false,
toyama-tonamishi-2024,"【砺波市】夜高行燈街練りと庄川峡花火大会｜庄川観光祭2024",https://youtube.com/shorts/Bo87c3czFQ8,Bo87c3czFQ8,true,L_jWHffIx5E
toyama-kamiichimachi-2018,"【上市町】2018年「日本の貴重なコケの森」にも選ばれた大岩千巌渓(おおいわせんがんけい)に癒されました",https://youtube.com/shorts/Q2vjPW8zsHg,Q2vjPW8zsHg,false,
toyama-imizushi,"【射水市】晴天の日の海王丸は人気です",https://youtube.com/shorts/FpfEEmENrk8,FpfEEmENrk8,false,
toyama-imizushi,"【射水市】太閤山ランドの桜吹雪が凄かった",https://youtube.com/shorts/NMBRxSAShtQ,NMBRxSAShtQ,false,
toyama-namerikawashi,"【滑川市】山の中の隠れた温泉♨みのわ温泉で、ねまられ〜(「休んでいってね」という富山弁)☺",https://youtube.com/shorts/EndLBse-m4I,EndLBse-m4I,false,
toyama-oyabeshi-2023,"【小矢部市】イルミネーションと動物のみなさん「おやべイルミ2023」｜クロスランドおやべ",https://youtube.com/shorts/DeICwZlmthA,DeICwZlmthA,false,
toyama-toyamashi,"【富山市】姉倉比売神社(舟倉)の紅葉がすごい！",https://youtube.com/shorts/kumqrWkBDlg,kumqrWkBDlg,false,
toyama-kamiichimachi,"【上市町】上市川ダムの行き方がわからずいきなり上市川第二ダムへ行ったけど、特に取れ高は無かったという感想です。",https://youtube.com/shorts/j__y7w3_VR4,j__y7w3_VR4,false,
toyama-yatsuomachi-400,"【八尾町】400年近くの歴史がある八尾町の風情ある町並み",https://youtube.com/shorts/0KGq7EeSktw,0KGq7EeSktw,true,oHg5SJYRHA0
toyama-kurobeshi-100,"【黒部市】宇奈月温泉街形成から100年間この地を護ってきた宇奈月神社",https://youtube.com/shorts/7KeQqEAEx0Y,7KeQqEAEx0Y,false,
toyama-imizushi-11020000,"【射水市】接写！110種20,000株が咲き誇るあじさい祭り｜太閤山ランド",https://youtube.com/shorts/vyIqNwOQFtk,vyIqNwOQFtk,false,
toyama-imizushi,"【射水市】やまぶきトンネル楽描(らくがき)コーナー｜太閤山ランド",https://youtube.com/shorts/BKQMeKEnLEA,BKQMeKEnLEA,false,
toyama-nantoshi,"【南砺市】キク科植物に特化した南砺市園芸植物園・フローラルパークでお花を鑑賞",https://youtube.com/shorts/S-19leF4KQ8,S-19leF4KQ8,false,
toyama-tonamishi-170071-2023,"【砺波市】1700発もの花火に圧倒！第71回 庄川観光祭・庄川峡花火大会2023",https://youtube.com/shorts/y6aFTq-uC8Q,y6aFTq-uC8Q,true,L_jWHffIx5E
toyama-kurobeshi,"【黒部市】シロヤギ３｜くろべ牧場まきばの風",https://youtube.com/shorts/NitbBmOFvaY,NitbBmOFvaY,false,
toyama-toyamashi,"【富山市】一本桜🌸夜桜で見る芸術と自然の美｜富山県水墨美術館",https://youtube.com/shorts/dvezrWj54Io,dvezrWj54Io,false,
toyama-toyamashi-19,"【富山市】気温19℃、晴れた空と桜とマルート",https://youtube.com/shorts/hLJHY58t8iw,hLJHY58t8iw,false,
toyama-toyamashi-6,"【富山市】朝6時、蚤の市の雰囲気と神聖な場所で咲く桜｜富山県護国神社",https://youtube.com/shorts/FOZCDWKeakY,FOZCDWKeakY,false,
toyama-toyamashi-10kgmaroot-ikizushi,"【富山市】10kgの最高級ひみ寒ぶりを解体｜MAROOT｜銀兆 ikizushi 特撰館",https://youtube.com/shorts/BhRewgTfskc,BhRewgTfskc,false,
toyama-toyamashi,"【富山市】一串に２コずつ！道の駅細入でマシュマロ焼き体験！焚き火で暖まろう🔥",https://youtube.com/shorts/Jvdawkmu108,Jvdawkmu108,false,
toyama-kurobeshi,"【黒部市】宇奈月温泉の「温泉♨むすめ」に会いに行ってみた｜宇奈月明嶺",https://youtu.be/qH5fX8vNkJ4,qH5fX8vNkJ4,false,
toyama-namerikawashi,"【滑川市】東福寺野キャンドルナイト｜東福寺野自然公園",https://youtu.be/Lm9vPkXwF4s,Lm9vPkXwF4s,true,ScMzIvxBSi4
toyama-toyamashi-mairo,"【富山市】MAIROってドコに移転したの？",https://youtu.be/K8xRp2vL3mA,K8xRp2vL3mA,true,8xg_fqQVM_o
toyama,"【船橋村】ワンドとは？｜京坪川河川公園（オレンジパークふなはし）",https://youtu.be/dRz3H8B6mYE,dRz3H8B6mYE,false,
toyama-nantoshi,"【南砺市】宿泊できる世界遺産とうさぎ｜五箇山相倉合掌造り集落",https://youtu.be/QpC5xG7vK2L,QpC5xG7vK2L,false,
toyama-nantoshi,"【南砺市】和紙のドレス｜越中五箇山 相倉合掌造り集落",https://youtu.be/VnR8k4P9Hx3,VnR8k4P9Hx3,false,
toyama-nantoshi,"【南砺市】入館無料、お土産ありのじょうはな織館が素敵すぎた！【閉館】",https://youtu.be/N7k2vB8wX4p,N7k2vB8wX4p,false,
toyama-nantoshi-yuan,"【南砺市】ロビーとカフェと二次元女子たち｜桜ヶ池クアガーデン",https://youtu.be/A5k8vR2fH6p,A5k8vR2fH6p,false,
toyama-yatsuomachi-3,"【八尾町】越中八尾曳山祭！3年ぶりの勇壮な曳山に圧巻！",https://youtu.be/G2k7vR9fH6p,G2k7vR9fH6p,false,
toyama-toyamashi,"【富山市】日本料理「日本橋 俵屋」ってこんなところ",https://youtu.be/R7k4vN8fH5p,R7k4vN8fH5p,false,
toyama-oyabeshi,"【小矢部市】夏に快適！富山の小さなナイアガラ、涼しげスポットに癒されて『宮島峡』",https://youtu.be/r9W4s740Nyw,r9W4s740Nyw,false,
toyama-himishi-500yen1,"【氷見市】知られざる光久寺の名園茶庭【志納500円/1人】",https://youtu.be/peNfEal6FG8,peNfEal6FG8,false,
toyama-himishi,"【氷見市】「九殿浜温泉ひみのはな」売店と景色が中心の動画【温泉の映像なし】",https://youtu.be/j0u3BnJTMTk,j0u3BnJTMTk,false,
toyama-himishi,"【氷見市】バラの見頃を外した時期に散歩【ダリアは見頃】｜氷見あいやまガーデン",https://youtu.be/DeQ5FzC8YU4,DeQ5FzC8YU4,false,
toyama-toyamashi,"【富山市】水力発電の水車構造が美しい『常願寺川上滝公園』",https://youtube.com/shorts/q2KARnbjUHc,q2KARnbjUHc,false,
toyama-tateyamamachi,"【立山町】映画「剣岳 点の記」の撮影ロケ地、『雄山神社前立社壇』を歩いてみた",https://youtu.be/HKt17t3MgE0,HKt17t3MgE0,false,
toyama-kamiichimachi,"【上市町】おみくじをひいたよ！滝行もできちゃう『大岩山日石寺』",https://youtu.be/nFv2JRkadks,nFv2JRkadks,false,
toyama-kamiichimachi-kamich-festival-fireworks,"【上市町】ふるさと観光上市まつり2024花火の夕べ(白竜橋周辺)",https://youtu.be/Lyxy_GheQh4,Lyxy_GheQh4,false,
toyama-takaokashi-zuiryuji-agni-fire-temple,"【高岡市】火生三昧、炎の神アグニ(烏瑟沙摩明王""ウスサマミョウオウ"")国宝瑞龍寺",https://youtu.be/ZrZraLe6IIM,ZrZraLe6IIM,false,
toyama-nantoshi,"【南砺市】うさぎ推し必見！「パティスリーまちなみラパン」が可愛すぎた！",https://youtu.be/OIBhbYvAq5E,OIBhbYvAq5E,false,
toyama-toyamashi-candy-apple-maroot,"【富山市】まるごとりんごのパリパリ食感！りんご飴専門店「代官山candy apple 富山市 MAROOT店」",https://youtube.com/shorts/7Up4Aa6Fpzo,7Up4Aa6Fpzo,false,
toyama-toyamashi-50,"【富山市】午前中に完売！？50個限定の極上ふわふわ食感のどら焼き「ふわどら」が美味しすぎた｜和の心 ぷちろーる",https://youtube.com/shorts/zGQDYmJTfL4,zGQDYmJTfL4,false,
toyama-toyamashi-en-cos-japan-2024-in-toyama,"【富山市】武器屋へ行ってきたよ！⭐︎ファンタジー武器屋タクミアーマリー⭐︎EN COS JAPAN 2024 in Toyama",https://youtu.be/xHE9dpjwCL8,xHE9dpjwCL8,false,
toyama-himishi,"【氷見市】富山グルメ必食！老舗喫茶店コーヒーハウス・マイケルの名物焼きカレーがおいしい！",https://youtu.be/nSR9SwCT7y8,nSR9SwCT7y8,false,
toyama-himishi,"【氷見市】知られざる廃墟遺産「魚眠洞(ぎょみんどう)」",https://youtu.be/4eMLk7MBDEY,4eMLk7MBDEY,false,
toyama-toyamashi-reberty,"【富山市】反則級においしいサクサク食感の神クレープ”Re.berty”で至福の時間を",,,false,
toyama-toyamashi,"【富山市】昇運招福めでたい！富山駅前マルートに『おめで鯛焼き本舗』オープン！",,,false,
toyama-tateyamamachi-80m,"【立山町】高さ80mの絶景！富山地区広域圏クリーンセンターの展望台から見る雪の田園風景(入館無料)",,,false,
toyama-tateyamamachi,"【立山町】しろえびせんべい工場でおみくじをひいた結果",,,false,
toyama-takaokashi,"【高岡市】ケーキ工房 大多喜のケーキがおいしすぎた！",,,false,
toyama-himishi-yuan,"【氷見市】地元に愛されたお寺、藤子不二雄Ａの生家「光禅寺」",https://youtu.be/fXDWd0LR6tQ,fXDWd0LR6tQ,false,
toyama-toyamashi-go-for-kogei-2025,"【富山市】GO FOR KOGEI 2025 町歩きとアートを同時に楽しむイベント",https://youtu.be/CyS8-yKWNLE,CyS8-yKWNLE,false,
toyama-himishi-a,"【氷見市】生涯まんが道！潮風ギャラリー藤子不二雄Aアートコレクションの魅力",https://youtu.be/aaL1oHrcN6s,aaL1oHrcN6s,false,
toyama-himishi-yuan,"【氷見市】氷見のたい焼き屋「たい焼き処むげん」地元で人気のスイーツを紹介",https://youtu.be/giUPaJtNwSs,giUPaJtNwSs,false,
toyama-tateyamamachi,"【立山町】子供から大人まで楽しめる自然体験！昆虫王国 立山自然ふれあい館",https://youtu.be/WOMaUTyP9_E,WOMaUTyP9_E,false,
toyama-himishi-yuan,"【氷見市】氷見のたい焼き屋「たい焼き処むげん」地元で人気のスイーツを紹介",https://youtu.be/giUPaJtNwSs,giUPaJtNwSs,false,
toyama-tateyamamachi,"【立山町】子供から大人まで楽しめる自然体験！昆虫王国 立山自然ふれあい館",https://youtu.be/WOMaUTyP9_E,WOMaUTyP9_E,false,
toyama-imizushi,"【射水市】きょうのるりちゃんとお友達の貴景勝(たかけいしょう)｜浄蓮寺",https://youtu.be/cw36W3TDtvs,cw36W3TDtvs,false,
toyama-toyamashi-196260,"【富山市】創業1962年！60年以上続くうどん店「鶴喜(つるき)」の老舗の味わい",https://youtu.be/zl5Ebu2Mmq4,zl5Ebu2Mmq4,false,
toyama-himishi,"【氷見市】富山グルメ必食！老舗喫茶店コーヒーハウス・マイケルの名物焼きカレーがおいしい！",https://youtu.be/nSR9SwCT7y8,nSR9SwCT7y8,false,
toyama-himishi-t,"【氷見市】Tシャツからグッズまで！氷見の「ヒミツノアソビバ」をご紹介！",https://youtu.be/Fn_9qaqqsIA,Fn_9qaqqsIA,false,
toyama-toyamashi-candy-apple-maroot,"【富山市】まるごとりんごのパリパリ食感！りんご飴専門店「代官山candy apple 富山市 MAROOT店」",https://youtu.be/7Up4Aa6Fpzo,7Up4Aa6Fpzo,false,
toyama-imizushi,"【射水市】海王丸パークをのんびりお散歩",https://youtube.com/shorts/jtHgkiK2qRs,jtHgkiK2qRs,false,
toyama-toyamashi-9,"【富山市】朝9時半オープン、富山市で人気のパン屋さん『バンブス』絶品パンを朝イチでゲット！",https://youtube.com/shorts/XwH1zrDynQg,XwH1zrDynQg,false,
toyama-toyamashi-120,"【富山市】明治創業120年以上の老舗！「石谷もちや本店」の柔らかくて甘〜いおだんごが絶品すぎた！",https://youtube.com/shorts/rk8SWhIQZKE,rk8SWhIQZKE,false,
toyama-takaokashi-zuiryuji-lightup-temple,"【高岡市】国宝瑞龍寺のライトアップが素敵すぎました",https://youtu.be/o-Jz8Cg8Rdo,o-Jz8Cg8Rdo,false,
toyama-takaokashi,"【高岡市】脱出を企(くわだ)てるペンギン",https://youtu.be/YTM17yU-7Jg,YTM17yU-7Jg,false,
toyama-toyamashi,"【富山市】落ち着いた空間で楽しむリトル上海の本格中華ランチ！日常にそっと高級感を",https://youtu.be/z222Q-cQ8UM,z222Q-cQ8UM,false,
toyama-kamiichimachi-2024,"【上市町】ミライの種2024 白萩西部小学校",https://youtu.be/xOO_6jiISHI,xOO_6jiISHI,false,
toyama-tonamishi,"【砺波市】人手不足で一部ラインが稼働していない「北陸コカ・コーラプロダクツ（株）砺波工場」の工場見学が楽しかった",https://youtu.be/6g--I0Ae0qI,6g--I0Ae0qI,false,
toyama-tonamishi-900,"【砺波市】900年の歴史と白蛇伝説が残る桑野神社",,,false,
toyama-toyamashi,"【富山市】無料で利用できる交通安全博物館がちょっとおもしろかった",,,false,
toyama-toyamashi,"【富山市】すこし小ぶりなたい焼きがかわいい！東富山高校近くの「鯛の陽」でほっこりしました",,,false,
toyama-takaokashi,"【高岡市】歴史を感じる国宝勝興寺(しょうこうじ)が厳かで素晴らしかった",,,false,
toyama-takaokashi,"【高岡市】雨晴海岸から立山連峰がキレイに見えました",,,false,
toyama-toyamashi,"【富山市】すべて大沢野産！千石町通りの無人野菜直売所ベジスポ",,,false,
toyama-tateyamamachi-and,"【立山町】バレンタインは米菓で決まり！ささら屋立山本店の米菓で新感覚バレンタイン！&ステキな店内",,,false,
toyama-kurobeshi,"【黒部市】冬の夜空を彩る豪華花火ショー！宇奈月温泉冬物語 雪上花火大会",,,false,
toyama-nantoshi,"【南砺市】雪景色が広がる秘境！冬のこきりこの里を散策してみた",,,false,
toyama-uozushi,"【魚津市】ケーキがこの値段！？うれしい価格帯！島崎松月堂",,,false,
toyama-uozushi,"【魚津市】電鉄魚津駅前の小さなたい焼き屋さん「まるきん」で、女将さんが愛情を込めて焼いてくれました",,,false,
toyama-takaokashi,"【高岡市】道の駅雨晴と雨晴海岸と立山連峰と鳥",,,false,
toyama-funahashimura-1260yen,"【舟橋村】日本一たい焼きがオープン！1匹260円で幸せをいただきました！",,,false,
toyama-tateyamamachi,"【立山町】ヘルジアン・ウッド周辺で特別天然記念物と遭遇！？自然観察の醍醐味を体験",https://youtu.be/HHwdGY71Vds,HHwdGY71Vds,false,
toyama-toyamashi-12in,"【富山市】マンホールのおもしろさに目覚めました「第12回マンホールサミットinとやま」",https://youtu.be/6FP6gC9sf6U,6FP6gC9sf6U,false,
toyama-himishi,"【氷見市】吉がけ牧場のヤギたちから見習いたいスローライフ体験",https://www.youtube.com/shorts/9ifxZKeVdi4,9ifxZKeVdi4,false,
toyama-tonamishi,"【砺波市】イオンモールとなみで『劇場版「鬼滅の刃」無限城編』ポスター展開催中！",https://www.youtube.com/shorts/JhGMbTOeK88,JhGMbTOeK88,false,
toyama-uozushi,"【魚津市】毎日暑いのでゴマフアザラシを見て涼しさを感じよう！魚津水族館の癒し体験",https://youtube.com/shorts/yeMbIMxqC1o,yeMbIMxqC1o,false,
toyama-nantoshi-iox-arosa,"【南砺市】ゴンドラに乗って山の頂上へ！山頂から見る景色が素敵だった！IOX-AROSA（イオックス・アローザ）",https://youtu.be/MIcuWcor0Z8,MIcuWcor0Z8,false,
toyama-takaokashi-33-in-takaoka,"【高岡市】はじめしゃちょーが富山に帰ってきたよ！おかえりはじめん！｜バスケイベント 3×3 in TAKAOKA はじめしゃちょートークショー",https://youtu.be/svT3sLfiDyk,svT3sLfiDyk,false,
toyama-himishi-t,"【氷見市】Tシャツからグッズまで！氷見の「ヒミツノアソビバ」をご紹介！",https://youtu.be/Fn_9qaqqsIA,Fn_9qaqqsIA,false,
toyama-toyamashi-402023,"【富山市】東京ディズニーリゾート40周年スペシャルパレード完全版｜富山まつり2023",https://youtube.com/shorts/__kdkbAAY-A,__kdkbAAY-A,true,dEe6OhiIz5w\
toyama-toyamashi-1946pain-dor,"【富山市】創業1946年！富山の老舗「PAIN D'OR (パンドール)」懐かしくて新しい絶品パンの数々",https://youtube.com/shorts/0fBH7G9dEmM,0fBH7G9dEmM,false,
toyama-toyamashi-2025,"【富山市】エシックスライツ2025 富山城プロジェクションマッピング 城址公園周辺ライトアップ",https://youtube.com/shorts/9-4ec_C6spY,9-4ec_C6spY,false,
toyama-imizushi,"【射水市】海王丸パークをのんびりお散歩",https://youtube.com/shorts/jtHgkiK2qRs,jtHgkiK2qRs,true,ScMzIvxBSi4
toyama-toyamashi-9,"【富山市】朝9時半オープン、富山市で人気のパン屋さん『バンブス』絶品パンを朝イチでゲット！",https://youtube.com/shorts/XwH1zrDynQg,XwH1zrDynQg,false,
toyama-toyamashi-120,"【富山市】明治創業120年以上の老舗！「石谷もちや本店」の柔らかくて甘〜いおだんごが絶品すぎた！",https://youtube.com/shorts/rk8SWhIQZKE,rk8SWhIQZKE,false,
toyama-tonamishi,"【砺波市】春旅で癒される「となみ野庄川荘一萬亭」でアクティビティと贅沢ごはんで一泊",https://youtube.com/shorts/X9nj7x1whhQ,X9nj7x1whhQ,true,jNQXAC9IVRw
toyama-fukuokacho-1000,"【福岡町】1000本のソメイヨシノが圧巻！福岡町岸渡川沿いの桜並木通りをお散歩",https://youtube.com/shorts/2NeEamFeOLg,2NeEamFeOLg,false,
toyama-toyamashi-1-at-2025,"【富山市】しあわせを伝えよう！第1回 絵てがみ展 at 高志の国文学館 2025",https://youtube.com/shorts/RCAiEhqDJ9w,RCAiEhqDJ9w,false,
toyama-tonamishi-900,"【砺波市】900年の歴史と白蛇伝説が残る桑野神社",https://youtube.com/shorts/4hN16TymYTw,4hN16TymYTw,false,
toyama-tateyamamachi-and,"【立山町】バレンタインは米菓で決まり！ささら屋立山本店の米菓で新感覚バレンタイン！&ステキな店内",https://youtube.com/shorts/Pci77gK84h8,Pci77gK84h8,false,
toyama-takaokashi,"【高岡市】ケーキ工房 大多喜のケーキがおいしすぎた！",https://youtube.com/shorts/3w5tSteXrU0,3w5tSteXrU0,false,
toyama-nantoshi,"【南砺市】雪景色が広がる秘境！冬のこきりこの里を散策してみた",https://youtube.com/shorts/XGlDlxJPKcc,XGlDlxJPKcc,false,
toyama-uozushi,"【魚津市】電鉄魚津駅前の小さなたいやき屋さん「まるきん」で、女将さんが愛情を込めて焼いてくれました",https://youtube.com/shorts/lMlGZCtGkaM,lMlGZCtGkaM,true,ScMzIvxBSi4
toyama-toyamashi,"【富山市】無料で利用できる交通安全博物館がちょっとおもしろかった",https://youtube.com/shorts/UjsBbxSiEcQ,UjsBbxSiEcQ,false,
toyama-yatsuomachi,"【八尾町】越中八尾観光会館(曳山展示館)で曳山を見てきたよ！文化の日は入館無料！",https://youtube.com/shorts/VoVwPi8iKMA,VoVwPi8iKMA,false,
toyama-nantoshi-iox-arosa,"【南砺市】ゴンドラに乗って山の頂上へ！山頂から見る景色が素敵だった！IOX-AROSA（イオックス・アローザ）",https://youtube.com/shorts/MIcuWcor0Z8,MIcuWcor0Z8,false,
toyama-kamiichimachi-2024,"【上市町】ミライの種2024 白萩西部小学校",https://youtube.com/shorts/xOO_6jiISHI,xOO_6jiISHI,false,
toyama-tonamishi,"【砺波市】人手不足で一部ラインが稼働していない「北陸コカ・コーラプロダクツ（株）砺波工場」の工場見学が楽しかった",https://youtube.com/shorts/6g--I0Ae0qI,6g--I0Ae0qI,true,oHg5SJYRHA0
toyama-takaokashi,"【高岡市】国宝瑞龍寺のライトアップが素敵すぎました",https://youtube.com/shorts/o-Jz8Cg8Rdo,o-Jz8Cg8Rdo,false,
toyama-tonamishi,"【砺波市】砺波駅前の短い飲み屋通りが、なかなかいい雰囲気",https://youtube.com/shorts/VRW_SO0ecmw,VRW_SO0ecmw,true,tgbNymZ7vqY
toyama-tonamishi-2024,"【砺波市】となみ夜高まつり2024年夜高行燈コンクールが豪華だった！",https://youtu.be/vH8z7GqKnXE,vH8z7GqKnXE,false,
toyama-uozushi-2024526,"【魚津市】「魚津朝市」海沿いのしんきろうロードを散歩 2024.5.26",https://youtube.com/shorts/NEeFU6kKFoU,NEeFU6kKFoU,false,
toyama-uozushi-chouroku,"【魚津市】CHOUROKUまつりのよさこいが素敵でした！",https://youtube.com/shorts/lvJBy4f7c-4,lvJBy4f7c-4,false,
toyama-takaokashi-great-buddha-in-great-buddha-head,"【高岡市】Great Buddha in Great Buddha head",https://youtube.com/shorts/MszrZX5VY_Y,MszrZX5VY_Y,false,
toyama-kamiichimachi-55m6,"【上市町】高さ5.5m、6体の龍の口から流れ落ちる六本瀧（ろっぽんだき）｜大岩山日石寺",https://youtube.com/shorts/R8UtkdUamxM,R8UtkdUamxM,false,
toyama-toyamashi-6-20r612-1200,"【富山市】「令和6年 能登半島地震」発生から約20時間後のアルビス新庄店の状況(R6.1.2 12:00)",https://youtube.com/shorts/k1OPpRi1pnE,k1OPpRi1pnE,false,
toyama-toyamashi-24,"【富山市】コストコ非会員でも買える！24時間営業の無人販売所「達人の一品 富山店」",https://youtube.com/shorts/yvvQUOiKN1U,yvvQUOiKN1U,false,
toyama-toyamashi,"【富山市】夜のアーヴェリール迎賓館を散歩がてら見学",https://youtube.com/shorts/AF9jGLTcs2s,AF9jGLTcs2s,false,
toyama-tonamishi-kira-kira-mission-2023,"【砺波市】KIRA KIRA MISSION 2023｜砺波チューリップ公園",https://youtube.com/shorts/f2gambck8dM,f2gambck8dM,false,
toyama-namerikawashi,"【滑川市】チンアナゴを知ろう｜ほたるいかミュージアム",https://youtube.com/shorts/OFKuUsNx2N0,OFKuUsNx2N0,false,
toyama-namerikawashi-100yen50yenin,"【滑川市】イベント期間中は大人100円子供50円で入場できちゃう「あかりがナイトin滑川」ナイトミュージアム｜ほたるいかミュージアム",https://youtube.com/shorts/fGjcgSN9Zq4,fGjcgSN9Zq4,false,
toyama-namerikawashi-in-2023,"【滑川市】第９回あかりがナイト in 滑川 2023",https://youtube.com/shorts/Io0IZ4h61ws,Io0IZ4h61ws,true,L_jWHffIx5E
toyama-yatsuomachi-3327-in-2023,"【八尾町】八尾町内33の会場で作品展｜第27回 坂のまちアートin やつお2023",https://youtube.com/shorts/NvBTtJNSDCk,NvBTtJNSDCk,false,
toyama-himishi,"【氷見市】３００ｍ沖合の唐島が見える比美乃江公園展望台",https://youtube.com/shorts/BSZiMLRQbfM,BSZiMLRQbfM,false,
toyama-tonamishi-600,"【砺波市】600年以上の歴史！枯渇の危機を乗り越え今もなお湧き出ている瓜破清水(うりわりしょうず)",https://youtube.com/shorts/uuM18ISlKxk,uuM18ISlKxk,false,
toyama-tonamishi,"【砺波市】※閲覧注意！なんでこんな顔にしたん？｜庄川大仏",https://youtube.com/shorts/oPb8UyNd1tE,oPb8UyNd1tE,false,
toyama-toyamashi-1002023,"【富山市】夏の夜空に100コ以上のランタンをリリース！牛岳ランタンフェスティバル2023",https://youtube.com/shorts/fV94M7q9rg8,fV94M7q9rg8,false,
toyama-kurobeshi-no,"【黒部市】とやまの名水 生地の共同洗い場｜NO.５神明町の共同洗い場",https://youtube.com/shorts/_X-W_KUd3Pk,_X-W_KUd3Pk,true,fJ9rUzIMcZQ
toyama-uozushi-20,"【魚津市】バブル期の20年間を駆け抜けた旅館｜天神山温泉 宝泉閣(ほうせんかく)【廃墟】",https://youtube.com/shorts/cF92rcTqvdQ,cF92rcTqvdQ,false,
toyama-kurobeshi-bgm,"【黒部市】黒部・宇奈月温泉 やまのは ※ピアノ生演奏BGM",https://youtube.com/shorts/rxWr_tdOQMc,rxWr_tdOQMc,false,
toyama-tonamishi,"【砺波市】庄川温泉郷 薬師温泉 庄永閣(しょうえいかく)【廃墟】",https://youtube.com/shorts/d9ObrUT1dNA,d9ObrUT1dNA,false,
toyama-tonamishi,"【砺波市】庄川水記念公園 鯉恋の宮(こいこいのみや)",https://youtube.com/shorts/48wRIa8lMcU,48wRIa8lMcU,false,
toyama-nantoshi-300-2023-bgmver,"【南砺市】300年の伝統を誇るユネスコ無形文化遺産 城端曳山祭2023 (庵唄BGMver.)",https://youtube.com/shorts/WDXO9YM6tnk,WDXO9YM6tnk,false,
toyama-tonamishi-290yen,"【砺波市】290円のザックザク食感カレーパンの奴隷になりました｜小麦の奴隷 砺波店",https://youtube.com/shorts/cY_4fxzNz8I,cY_4fxzNz8I,true,8xg_fqQVM_o
toyama-toyamashi-in-nhk,"【富山市】ドラマ「岸辺露伴は動かない」展 in NHK富山放送局",https://youtube.com/shorts/8A7KMaxUSCE,8A7KMaxUSCE,false,
toyama-kurobeshi,"【黒部市】黒部峡谷鉄道宇奈月駅にある謎の自販機",https://youtube.com/shorts/TDrDz2udixI,TDrDz2udixI,false,
toyama-himishi,"【氷見市】ひみ番屋街の足湯と水平線",https://youtube.com/shorts/3TGERcsvNT0,3TGERcsvNT0,false,
toyama-toyamashi,"【富山市】はじめしゃちょーの畑メンバーが訪れた「ますのすしミュージアム」ってこんなとこ",https://youtube.com/shorts/_KLLxvyh_0I,_KLLxvyh_0I,true,ScMzIvxBSi4
toyama-oyabeshi,"【小矢部市】宮島峡の紅葉と滝群",https://youtube.com/shorts/M-Pg15sCN3Y,M-Pg15sCN3Y,false,
toyama-namerikawashi,"【滑川市】海魚？川魚？どっち？｜ほたるいかミュージアム周辺",https://youtube.com/shorts/SOBopq4UP2M,SOBopq4UP2M,false,
toyama-himishi,"【氷見市】謎が多い廃墟・魚眠洞",https://youtu.be/LpQ5vR9Nx6Q,LpQ5vR9Nx6Q,false,
toyama-tateyamamachi,"【立山町】サウナ付き宿泊施設ができたってよ！｜ヘルジアンウッド",https://youtu.be/K3j8PvN2xLs,K3j8PvN2xLs,false,
toyama-nantoshi-500,"【南砺市】500年以上の歴史的建造物と厳粛な雰囲気｜城端別院 善徳寺",https://youtu.be/F8m3sL6vY2k,F8m3sL6vY2k,true,ScMzIvxBSi4
toyama-tonamishi,"【砺波市】遊覧のみの利用は１日２往復(有料)｜大牧温泉行き 庄川峡遊覧船 船着場",https://youtu.be/R5j9kP7tL3s,R5j9kP7tL3s,true,8xg_fqQVM_o
toyama-toyamashi,"【富山市】４秒後の噴水ショーの始まりに驚くサギ｜富岩運河環水公園",https://youtu.be/P8j4sN6vK3m,P8j4sN6vK3m,true,L_jWHffIx5E
toyama-imizushi-650,"【射水市】650コもの風鈴が並ぶ櫛田神社の風鈴トンネル🎐",https://youtu.be/X7m2sK9vL4j,X7m2sK9vL4j,true,jNQXAC9IVRw
toyama-namerikawashi-in2022,"【滑川市】色とりどり！会場入り口付近のベトナムランタン｜ベトナム・ランタンまつりinなめりかわ2022",https://youtu.be/V8j3sP6mL2k,V8j3sP6mL2k,false,
toyama-tateyamamachi-30,"【立山町】称名滝へは駐車場から歩いて30分！天気が良くても展望台まで滝しぶきでびしょ濡れ覚悟！",https://youtu.be/S5k7vR9fH3p,S5k7vR9fH3p,true,ScMzIvxBSi4
toyama-imizushi,"【射水市】越ノ潟駅すぐそば！富山県営渡船・越ノ潟フェリー【無料】",https://youtu.be/F6j8sN3vK2m,F6j8sN3vK2m,true,8xg_fqQVM_o
toyama-takaokashi,"【高岡市】雨晴海岸を一望！道の駅「雨晴」周辺とドラえもん！",https://youtu.be/W7k3vR8fH4p,W7k3vR8fH4p,true,L_jWHffIx5E
toyama-himishi,"【氷見市】人気声優・緑川光も訪れた！？天然記念物イタセンパラの研究施設｜ひみラボ水族館",https://youtu.be/C7j4sN6vK3m,C7j4sN6vK3m,true,jNQXAC9IVRw
toyama-toyamashi-428,"【富山市】毎年4月28日は入園無料！開園記念日の富山市ファミリーパーク",https://youtu.be/I5j8sP3vL2k,I5j8sP3vL2k,false,
toyama-tonamishi-2022,"【砺波市】となみチューリップフェア2022開幕！(初日)",https://youtu.be/K7k3vM9fH4s,K7k3vM9fH4s,true,ScMzIvxBSi4
toyama-toyamashi,"【富山市】天使と仰向けの子｜グリーンマーケット富山南店",https://youtu.be/T9j5sP7vL3k,T9j5sP7vL3k,false,
toyama-kurobeshi,"【黒部市】穏やかな波音｜石田浜海水浴場",https://youtu.be/iCdyR88l9KI,iCdyR88l9KI,false,
toyama-asahimachi-2021,"【朝日町】あさひ舟川べり桜並木に癒されました『春の四重奏2021』",https://youtu.be/oLup2Xwv3YM,oLup2Xwv3YM,false,
toyama-toyamashi,"【富山市】猫かわいい🐱ふわふわメインクーン｜グリーンマーケット富山南店",https://youtu.be/eRv_TI2uGSM,eRv_TI2uGSM,false,
toyama-uozushi-andandyuan,"【魚津市】はじめしゃちょー&よっち&地元のみなさんが描いたシャッターペイント｜魚津市中央通り名店街",https://youtu.be/u-joHEVhXbs,u-joHEVhXbs,false,
toyama-oyabeshi-2020,"【小矢部市】クロスランドおやべのイルミネーション『おやべイルミ2020』",https://youtu.be/mlTLMYgjD_Q,mlTLMYgjD_Q,false,
toyama-tonamishi,"【砺波市】北陸地方でもっとも古いお寺【閻魔大王像を安置】『千光寺』",https://youtu.be/gWhLhwWmaBs,gWhLhwWmaBs,false,
toyama-toyamashi-kyomu,"【富山市】造形作家・清河北斗『舞台の上の美術館Ⅱ KYOMU〜巨無と虚無〜』オーバード・ホール",https://youtube.com/shorts/bAcgp_uxNSI?feature=share,bAcgp_uxNSI,false,
toyama-kamiichimachi,"【上市町】岡田准一主演映画「散り椿」の撮影ロケ地を歩いてみた『眼目山立山寺』",https://youtu.be/5-XQ7GKqwxo,5-XQ7GKqwxo,false,
toyama-toyamashi,"【富山市】どうぶつパンや巨大メロンパンまで！手づくりパン工房 やねのうえのガチョウがすごい！",https://youtu.be/GlTC1MzYGTo,GlTC1MzYGTo,false,
toyama-toyamashi,"【富山市】東岩瀬をぶらり散歩 港町の風情と歴史を感じる街歩き",https://youtu.be/6bwPqAvZKek,6bwPqAvZKek,false,
toyama-tonamishi,"【砺波市】お土産と工芸とドーナツ メルキュール富山砺波リゾート＆スパ",https://youtu.be/87Hv4fqQjNk,87Hv4fqQjNk,false,
toyama-tateyamamachi,"【立山町】かつての学び舎が地域の拠点となった谷口集学校",https://youtu.be/MBjcgAO7Szo,MBjcgAO7Szo,false,
toyama-himishi-yuan,"【氷見市】地元に愛されたお寺、藤子不二雄Ａの生家「光禅寺」",https://youtu.be/fXDWd0LR6tQ,fXDWd0LR6tQ,false,
toyama-toyamashi-go-for-kogei-2025,"【富山市】GO FOR KOGEI 2025 町歩きとアートを同時に楽しむイベント",https://youtu.be/CyS8-yKWNLE,CyS8-yKWNLE,false,
toyama-himishi-a,"【氷見市】生涯まんが道！潮風ギャラリー藤子不二雄Aアートコレクションの魅力",https://youtu.be/aaL1oHrcN6s,aaL1oHrcN6s,false,
toyama-himishi,"【氷見市】知られざる廃墟遺産「魚眠洞(ぎょみんどう)」",https://youtu.be/4eMLk7MBDEY,4eMLk7MBDEY,false,
toyama-takaokashi,"【高岡市】脱出を企(くわだ)てるペンギン",https://youtu.be/YTM17yU-7Jg,YTM17yU-7Jg,false,
toyama-nantoshi,"【南砺市】うさぎ推し必見！「パティスリーまちなみラパン」が可愛すぎた！",https://youtu.be/OIBhbYvAq5E,OIBhbYvAq5E,false,
toyama-himishi,"【氷見市】吉がけ牧場のヤギたちから見習いたいスローライフ",https://youtu.be/9ifxZKeVdi4,9ifxZKeVdi4,false,
toyama-toyamashi-max2025,"【富山市】涼感MAX！えっ？環水公園でこんな噴水ショーやってるの！？「環水公園サマーファウンテン2025」今年も開催！！！！！",https://youtu.be/qnRZHR3HHMw,qnRZHR3HHMw,false,
toyama-takaokashi-doria-specialty-rich-lunch,"【高岡市】ドリア専門店「ドリアリーボ」で行列必至の濃厚ドリアランチ！",https://youtu.be/InojJTFLQ1o,InojJTFLQ1o,false,
toyama-toyamashi,"【富山市】富山の学問神社！於保多(おおた)神社で夏詣＆学業祈願",https://youtu.be/N2BgquZ0-Xg,N2BgquZ0-Xg,false,
toyama-toyamashi,"【富山市】富山駅前の隠れ家ケーキ店で至福のひととき｜シャルロッテ パティオさくら富山駅前店",https://youtu.be/AsITELrVTL0,AsITELrVTL0,false,
toyama-toyamashi-50,"【富山市】午前中に完売！？50個限定の極上ふわふわ食感のどら焼き「ふわどら」が美味しすぎた｜和の心 ぷちろーる",https://youtu.be/zGQDYmJTfL4,zGQDYmJTfL4,false,
toyama-toyamashi-2025,"【富山市】エシックスライツ2025 富山城プロジェクションマッピング 城址公園周辺ライトアップ",https://youtu.be/9-4ec_C6spY,9-4ec_C6spY,false,
toyama-namerikawashi,"【滑川市】櫟原(いちはら)神社の池にいる鯉を見ます",https://youtu.be/3jBiLIGCyrU,3jBiLIGCyrU,false,
toyama-toyamashi-428,"【富山市】毎年4月28日はファミリーパークの開園記念日！動物園内はゆったりとした時間が流れておりました",https://youtu.be/6AHGoLh2jdc,6AHGoLh2jdc,false,
toyama-toyamashi-32025,"【富山市】勇壮！若衆と3本の曳山が行脚する海老江曳山祭り2025",https://youtu.be/UpArlPM15AQ,UpArlPM15AQ,false,
toyama-toyamashi-1-at-2025,"【富山市】しあわせを伝えよう！第1回 絵てがみ展 at 高志の国文学館 2025",https://youtu.be/RCAiEhqDJ9w,RCAiEhqDJ9w,false,
toyama-toyamashi,"【富山市】富山駅前の隠れ家ケーキ店で至福のひととき｜シャルロッテ パティオさくら富山駅前店",https://youtube.com/shorts/AsITELrVTL0,AsITELrVTL0,false,
toyama-toyamashi-max2025,"【富山市】涼感MAX！環水公園サマーファウンテン2025で夏の暑さを吹き飛ばそう",https://www.youtube.com/shorts/qnRZHR3HHMw,qnRZHR3HHMw,false,
toyama-toyamashi,"【富山市】富山の学問神社！於保多(おおた)神社で夏詣＆学業祈願",https://youtube.com/shorts/N2BgquZ0-Xg,N2BgquZ0-Xg,false,
toyama-namerikawashi,"【滑川市】櫟原(いちはら)神社の池にいる鯉を見ます",https://youtube.com/shorts/3jBiLIGCyrU,3jBiLIGCyrU,false,
toyama-toyamashi-reberty,"【富山市】反則級においしいサクサク食感の神クレープ”Re.berty”で至福の時間を",https://youtube.com/shorts/6oU0XxSWO68,6oU0XxSWO68,false,
toyama-toyamashi,"【富山市】すべて大沢野産！千石町通りの無人野菜直売所ベジスポ",https://youtube.com/shorts/HW2Yr8bnIcA,HW2Yr8bnIcA,false,
toyama-takaokashi,"【高岡市】歴史を感じる国宝勝興寺(しょうこうじ)が厳かで素晴らしかった",https://youtube.com/shorts/kLnLbS2Iyuo,kLnLbS2Iyuo,true,R1DuSuJiRYc
toyama-funahashimura-1260yen,"【舟橋村】日本一たい焼きがオープン！1匹260円で幸せをいただきました！",https://youtube.com/shorts/t1ZfVxPoGJ8,t1ZfVxPoGJ8,true,9bZkp7q19f0
toyama-toyamashi-12in,"【富山市】マンホールのおもしろさに目覚めました「第12回マンホールサミットinとやま」",https://youtube.com/shorts/6FP6gC9sf6U,6FP6gC9sf6U,true,jNQXAC9IVRw
toyama-toyamashi-en-cos-japan-2024-in-toyama,"【富山市】武器屋へ行ってきたよ！⭐︎ファンタジー武器屋タクミアーマリー⭐︎EN COS JAPAN 2024 in Toyama",https://youtube.com/shorts/xHE9dpjwCL8,xHE9dpjwCL8,false,
toyama-kamiichimachi-2024,"【上市町】ふるさと観光上市まつり2024花火の夕べ(白竜橋周辺)",https://youtube.com/shorts/Lyxy_GheQh4,Lyxy_GheQh4,true,9bZkp7q19f0
toyama-takaokashi,"【高岡市】火生三昧、炎の神アグニ(烏瑟沙摩明王""ウスサマミョウオウ"")国宝瑞龍寺",https://youtube.com/shorts/ZrZraLe6IIM,ZrZraLe6IIM,true,jNQXAC9IVRw
toyama-fuchucho,"【婦中町】婦中町長沢スローライフファームのひまわり畑が凄かった！！！",https://youtube.com/shorts/cSfiGJoHNIw,cSfiGJoHNIw,true,ScMzIvxBSi4
toyama-toyamashi-1562024727,"【富山市】156年祭水橋橋まつり花火大会の様子2024.7.27(土)",https://youtu.be/sKK3iLwBk9A,sKK3iLwBk9A,false,
toyama-takaokashi,"【高岡市】焼きたてパン「パンドリーム」朝から小麦のイイにおいに誘(いざな)われました",https://youtube.com/shorts/8XkuPm63oac,8XkuPm63oac,false,
toyama-uozushi-3,"【魚津市】3羽のペンギンの日常｜魚津水族館",https://youtube.com/shorts/PA_4Z3BPkSI,PA_4Z3BPkSI,false,
toyama-yatsuomachi,"【八尾町】町家で結ぶ「つなぐ－やつお」が素敵すぎた！ (沖縄ではなく八尾です)",https://youtube.com/shorts/ikIX3MCfRPg,ikIX3MCfRPg,false,
toyama-fuchucho,"【婦中町】動植物が無料で楽しめる「田村農園たまご園」が楽しすぎた！",https://youtube.com/shorts/IqUY877t9Z0,IqUY877t9Z0,false,
toyama-yatsuomachi-202453,"【八尾町】2024.5.3 越中八尾曳山祭",https://youtube.com/shorts/qiSr9mtHRt0,qiSr9mtHRt0,false,
toyama-toyamashi-yuan5000,"【富山市】富山地方鉄道を走る元西武鉄道5000系レッドアローの内装がステキすぎた",https://youtube.com/shorts/JrYaTq1jdp8,JrYaTq1jdp8,false,
toyama-kamiichimachi,"【上市町】仏教界の推し活に行ってきたよ｜大岩山日石寺",https://youtube.com/shorts/W9qpoahQM5I,W9qpoahQM5I,false,
toyama-takaokashi,"【高岡市】桜を見ながら早朝の高岡古城公園を散歩してきたよ",https://youtube.com/shorts/KQA2YRjONtY,KQA2YRjONtY,false,
toyama-asahimachi-2024,"【朝日町】かがり火の夜桜があまりキレイに撮影できなかった動画｜あさひ舟川「春の四重奏」2024",https://youtube.com/shorts/9bfIrVfzEx4,9bfIrVfzEx4,false,
toyama-tonamishi-61,"【砺波市】創立61周年 陸上自衛隊 富山駐屯地 記念行事",https://youtube.com/shorts/a0gXRRQkpRQ,a0gXRRQkpRQ,false,
toyama-toyamashi,"【富山市】クリスマスの雰囲気が漂う環水公園をお散歩｜富岩運河環水公園",https://youtube.com/shorts/EcvogdDuQr8,EcvogdDuQr8,false,
toyama-toyamashi-1704,"【富山市】1704年建立！薬と健康の神社「豊栄稲荷神社」呉羽丘陵フットパス連絡橋すぐそば",https://youtube.com/shorts/1Ia0MZ6NeJE,1Ia0MZ6NeJE,false,
toyama-toyamashi-2026,"【富山市】2026年度完了予定！呉羽丘陵フットパス連絡橋から見る富山の景色",https://youtube.com/shorts/6GDV0QWVb_k,6GDV0QWVb_k,true,fJ9rUzIMcZQ
toyama-namerikawashi,"【滑川市】""押してください""を押す｜ほたるいかミュージアム",https://youtube.com/shorts/3xpGaX8xE28,3xpGaX8xE28,false,
toyama-nantoshi-johanare,"【南砺市】レストランJOHANAREへ向かうロビー｜桜ヶ池クアガーデン",https://youtube.com/shorts/JUszQuNfJgE,JUszQuNfJgE,false,
toyama-tonamishi,"【砺波市】天気がいい日に遊覧船が見える小牧ダムの上を行ったり来たり",https://youtube.com/shorts/gtjaP_Pj1Y0,gtjaP_Pj1Y0,false,
toyama-toyamashi,"【富山市】六角柱のスタイリッシュなボトル「芋焼酎 京屋 闇(くらやみ)」が気になる素敵な酒屋さん｜酒商 田尻本店",https://youtube.com/shorts/fl5IJjXnKL0,fl5IJjXnKL0,false,
toyama-kurobeshi,"【黒部市】丸中水産の古い木造倉庫を利用したギャラリー・カフェ｜北洋の館",https://youtube.com/shorts/93_iXe3lXIQ,93_iXe3lXIQ,false,
toyama-imizushi-100yen,"【射水市】100円で鯉のエサを購入、早速あげてみましょう！【主観餌付け】｜太閤山ランド",https://youtube.com/shorts/cI6uRqonpGw,cI6uRqonpGw,false,
toyama-imizushi,"【射水市】こどもみらい館のドールハウスがすごい！｜太閤山ランド",https://youtube.com/shorts/ufosi7nkF1U,ufosi7nkF1U,true,jNQXAC9IVRw
toyama-toyamashi-money-exchange70myrrate26071824jpy,"【富山市】money exchangeで70MYR(rate:26.07)を1824JPYへ換金",https://youtube.com/shorts/wWuYiQRFBFQ,wWuYiQRFBFQ,false,
toyama-nantoshi-500,"【南砺市】500年以上前の山門と金龍の欄間｜城端別院 善徳寺",https://youtube.com/shorts/kbHsPA9cxvw,kbHsPA9cxvw,true,ScMzIvxBSi4
toyama-tonamishi,"【砺波市】２本の龍の橋脚｜池川 廓龍橋(かくりゅうはし)",https://youtube.com/shorts/5uvYOXT_b64,5uvYOXT_b64,false,
toyama-toyamashi,"【富山市】３本の足を持つヤタガラスをふんだんに祀った奥田神社",https://youtube.com/shorts/M8xct9Aeu80,M8xct9Aeu80,true,L_jWHffIx5E
toyama-kurobeshi,"【黒部市】宇奈月駅の側の階段を降りて橋を渡ってトンネルをくぐって宇奈月ダムを見に行ったよ！",https://youtube.com/shorts/oKmZhhF5ve0,oKmZhhF5ve0,false,
toyama-toyamashi-re-self,"【富山市】セルフ脱毛サロン RE SELF 富山",https://youtube.com/shorts/OA04e6W8qHQ,OA04e6W8qHQ,false,
toyama-yatsuomachi-3002023,"【八尾町】300年近くの歴史がある勇壮な春季祭礼！越中八尾曳山祭(2023)",https://youtu.be/TjNBgPqBjdI,TjNBgPqBjdI,false,
toyama-imizushi-4,"【射水市】4本のマストと純白の船体！夜の海王丸が凄すぎた！海の貴婦人「帆船 海王丸」",https://youtube.com/shorts/zBkBYtiR2VA,zBkBYtiR2VA,false,
toyama-namerikawashi-merika9,"【滑川市】新施設「MERIKA」のメリカ牧場に9頭のポニーがいたよ！",https://youtube.com/shorts/hwlCqnZaSQE,hwlCqnZaSQE,true,L_jWHffIx5E
toyama-toyamashi-24,"【富山市】24時間営業の冷凍ラーメン自販機へ行ってみた！(ラーメン以外もあるよ！)ウルトララーメン大集合 富山荒川店",https://youtube.com/shorts/ZLlHrGWGcx4,ZLlHrGWGcx4,false,
toyama-uozushi,"【魚津市】片貝山ノ守キャンプ場の紅葉具合はこんな感じ",https://youtube.com/shorts/zcEYD_7lpdw,zcEYD_7lpdw,false,
toyama-toyamashi,"【富山市】楽今日館からの紅葉を期待したが、まだ早かった",https://youtu.be/aDf8TvRbB2k,aDf8TvRbB2k,false,
toyama-himishi,"【氷見市】粋な民宿「美岬」で粋な食事",https://youtu.be/ZrK2nN8FdHw,ZrK2nN8FdHw,false,
toyama-toyamashi-50yen,"【富山市】トッピング50円から！？かき氷を食べに行ったけど安すぎん！？｜いも屋",https://youtube.com/shorts/COt3QFXNJVg,COt3QFXNJVg,false,
toyama-tateyamamachi-the-field,"【立山町】The Field｜ヘルジアンウッド",https://youtu.be/wB5s7M9F4Ck,wB5s7M9F4Ck,false,
toyama-toyamashi,"【富山市】朝日の滝......た、滝??",https://youtu.be/kM2vX9fH8sQ,kM2vX9fH8sQ,false,
toyama-toyamashi,"【富山市】水辺に卵を産みつけるオニヤンマ",https://youtu.be/B6j8sP3vK2m,B6j8sP3vK2m,false,
toyama-toyamashi-ver,"【富山市】音と光のイルミネーション「環水公園サマーファウンテン」が凄すぎた！！富岩運河環水公園✨（明るいときver.）",https://youtu.be/T3k7vM9fL4s,T3k7vM9fL4s,true,8xg_fqQVM_o
toyama-toyamashi,"【富山市】音と光のイルミネーション「環水公園サマーファウンテン」が凄すぎた！！富岩運河環水公園✨",https://youtu.be/L5k3vR8fH2p,L5k3vR8fH2p,true,L_jWHffIx5E
toyama-toyamashi,"【富山市】音と光のイルミネーション「環水公園サマーファウンテン」が凄すぎた！！富岩運河環水公園✨",https://youtu.be/H3j6sM9vL4k,H3j6sM9vL4k,false,
toyama-imizushi,"【射水市】櫛田神社の風鈴トンネル🎐音色に癒されました！",https://youtu.be/K8m3sP6vL2j,K8m3sP6vL2j,false,
toyama-tateyamamachi,"【立山町】あるぺん村にいるヤギ、草を食む",https://youtu.be/L3k5vM8fH4s,L3k5vM8fH4s,false,
toyama-nyuzenmachi,"【入善町】杉沢の沢スギ「沢スギ自然館」へ行ってみた！入善乙女キクザクラが見つかった場所！",https://youtu.be/Q8j5sN7vK3m,Q8j5sN7vK3m,true,8xg_fqQVM_o
toyama-takaokashi,"【高岡市】日本三大仏「高岡大仏」の下はどうなってるの？",https://youtu.be/Y9m2sP6vL2k,Y9m2sP6vL2k,true,L_jWHffIx5E
toyama-nantoshi,"【南砺市】穏やかな２本の滝、天気がいい日の夫婦滝（めおとだき）",https://youtu.be/Z3k7vM9fH4s,Z3k7vM9fH4s,true,jNQXAC9IVRw
toyama-himishi-q,"【氷見市】イッテQでも取り上げられた「ごんごん祭り」の鐘があるお寺｜朝日本町『朝日山真言宗上日寺』",https://youtu.be/E9k3vM8fH4s,E9k3vM8fH4s,false,
toyama-kurobeshi,"【黒部市】ヤギとポニーを見るだけの動画｜くろべ牧場まきばの風",https://www.youtube.com/watch?v=YhPgRnzYddk,YhPgRnzYddk,false,
toyama-oyabeshi,"【小矢部市】ふれあえない...コロナ禍の稲葉山ふれあい動物広場｜稲葉山牧場",https://youtu.be/a8aI_ISzW8k,a8aI_ISzW8k,false,
toyama-uozushi-yen,"【魚津市】農業用水利施設｜水循環遺産東山円筒分水槽",https://youtu.be/aqjhWsgRSn0,aqjhWsgRSn0,false,
toyama-toyamashi-2020,"【富山市】スイートクリスマスイルミネーション2020｜富岩運河環水公園",https://youtu.be/HM1iFegzl48,HM1iFegzl48,false,
toyama-tonamishi-10,"【砺波市】10月のチューリップ四季彩館はハロウィン一色【休館直前】",https://youtu.be/CcuOzMYAlGs,CcuOzMYAlGs,false,
toyama-tonamishi,"【砺波市】富山が全国に誇る勇猛な喧嘩祭り！『夜高祭』",https://youtube.com/shorts/EWfIlEa8Jzw?feature=share,EWfIlEa8Jzw,false,